6.12323399573677e-17,0,1,0,1,0,-1,0,6.12323399573677e-17,0.3334,0,0.7839,0
-0.000477569181036177,0,0.999999885963832,0,1,0,-0.999999885963832,0,-0.000477569181036177,0.333686668467217,0,0.783931618264952,0
-0.00189732462928161,0,0.999998200078006,0,1,0,-0.999998200078006,0,-0.00189732462928161,0.334538988533551,0,0.784024807085976,0
-0.00423983045886951,0,0.999991011878447,0,1,0,-0.999991011878447,0,-0.00423983045886951,0.335945554594801,0,0.784175917630984,0
-0.00748562492672882,0,0.999971982317233,0,1,0,-0.999971982317233,0,-0.00748562492672882,0.337895105335521,0,0.784379853599808,0
-0.0116151930627572,0,0.999932541369724,0,1,0,-0.999932541369724,0,-0.0116151930627572,0.340376495516039,0,0.784630176016891,0
-0.016608931151281,0,0.999862062189586,0,1,0,-0.999862062189586,0,-0.016608931151281,0.343378663097277,0,0.784919205411187,0
-0.022447104611832,0,0.999748032003337,0,1,0,-0.999748032003337,0,-0.022447104611832,0.346890592619831,0,0.785238121600998,0
-0.0291098007374624,0,0.99957621995575,0,1,0,-0.99957621995575,0,-0.0291098007374624,0.350901275698598,0,0.785577061307369,0
-0.0365768776622456,0,0.999330842124109,0,1,0,-0.999330842124109,0,-0.0365768776622456,0.355399669441828,0,0.785925213817887,0
-0.0448279108461119,0,0.998994723914583,0,1,0,-0.998994723914583,0,-0.0448279108461119,0.360374653553646,0,0.786270914914368,0
-0.0538421382845137,0,0.998549460039387,0,1,0,-0.998549460039387,0,-0.0538421382845137,0.365814986831666,0,0.786601739263819,0
-0.0635984055722893,0,0.997975572250475,0,1,0,-0.997975572250475,0,-0.0635984055722893,0.371709263725948,0,0.786904591453069,0
-0.0740751118751591,0,0.997252664975473,0,1,0,-0.997252664975473,0,-0.0740751118751591,0.378045871581942,0,0.787165795824444,0
-0.0852501577881591,0,0.996359578965894,0,1,0,-0.996359578965894,0,-0.0852501577881591,0.384812949147955,0,0.787371185243522,0
-0.0971008959876255,0,0.9952745430274,0,1,0,-0.9952745430274,0,-0.0971008959876255,0.391998346886704,0,0.787506188900976,0
-0.109604085511717,0,0.993975323858264,0,1,0,-0.993975323858264,0,-0.109604085511717,0.399589589590413,0,0.787555919219625,0
-0.122735850433556,0,0.99243937397624,0,1,0,-0.99243937397624,0,-0.122735850433556,0.407573841759419,0,0.787505257905505,0
-0.136471643620557,0,0.990643977666802,0,1,0,-0.990643977666802,0,-0.136471643620557,0.415937876165047,0,0.787338941148722,0
-0.150786216203155,0,0.988566394838068,0,1,0,-0.988566394838068,0,-0.150786216203155,0.424668045978438,0,0.78704164394663,0
-0.165653593305675,0,0.986184002620666,0,1,0,-0.986184002620666,0,-0.165653593305675,0.43375026080785,0,0.786598063488886,0
-0.181047056521376,0,0.983474434505008,0,1,0,-0.983474434505008,0,-0.181047056521376,0.443169966947549,0,0.785993001511824,0
-0.196939133542631,0,0.980415716764821,0,1,0,-0.980415716764821,0,-0.196939133542631,0.452912132101619,0,0.785211445498637,0
-0.213301595285709,0,0.976986401874955,0,1,0,-0.976986401874955,0,-0.213301595285709,0.462961234805844,0,0.784238648572649,0
-0.230105460777783,0,0.973165698594152,0,1,0,-0.973165698594152,0,-0.230105460777783,0.473301258730142,0,0.783060207903746,0
-0.247321010001586,0,0.968933598350163,0,1,0,-0.968933598350163,0,-0.247321010001586,0.483915692002919,0,0.781662141423291,0
-0.264917804820826,0,0.964270997535918,0,1,0,-0.964270997535918,0,-0.264917804820826,0.494787531657193,0,0.780030962620797,0
-0.282864718037156,0,0.959159815301788,0,1,0,-0.959159815301788,0,-0.282864718037156,0.505899293256529,0,0.778153753176664,0
-0.301129970557555,0,0.953583106410766,0,1,0,-0.953583106410766,0,-0.301129970557555,0.517233025716818,0,0.776018233169556,0
-0.319681176579556,0,0.947525168710948,0,1,0,-0.947525168710948,0,-0.319681176579556,0.528770331297907,0,0.7736128285848,0
-0.338485396631418,0,0.940971644773248,0,1,0,-0.940971644773248,0,-0.338485396631418,0.540492390697304,0,0.770926735841637,0
-0.357509198235292,0,0.933909617242032,0,1,0,-0.933909617242032,0,-0.357509198235292,0.552379993136725,0,0.767949983052441,0
-0.37671872389426,0,0.926327697452408,0,1,0,-0.926327697452408,0,-0.37671872389426,0.564413571291562,0,0.764673487726192,0
-0.396079766039157,0,0.918216106880274,0,1,0,-0.918216106880274,0,-0.396079766039157,0.576573240873498,0,0.761089110631583,0
-0.415557848508928,0,0.909566751009859,0,1,0,-0.909566751009859,0,-0.415557848508928,0.58883884463798,0,0.757189705542235,0
-0.435118314079279,0,0.900373285228302,0,1,0,-0.900373285228302,0,-0.435118314079279,0.60119000055119,0,0.752969164597449,0
-0.454726417499139,0,0.890631172387537,0,1,0,-0.890631172387537,0,-0.454726417499139,0.613606153815945,0,0.748422459026687,0
-0.474347423443386,0,0.880337731710178,0,1,0,-0.880337731710178,0,-0.474347423443386,0.626066632422922,0,0.743545675004503,0
-0.493946708743861,0,0.86949217875787,0,1,0,-0.86949217875787,0,-0.493946708743861,0.638550705862918,0,0.738336044424566,0
-0.513489868219375,0,0.858095656227235,0,1,0,-0.858095656227235,0,-0.513489868219375,0.651037646608003,0,0.732791970406753,0
-0.532942823389539,0,0.846151255389712,0,1,0,-0.846151255389712,0,-0.532942823389539,0.663506793944464,0,0.726913047379571,0
-0.552271933327251,0,0.833664028046659,0,1,0,-0.833664028046659,0,-0.552271933327251,0.675937619718787,0,0.72070007561127,0
-0.571444106880797,0,0.820640988929513,0,1,0,-0.820640988929513,0,-0.571444106880797,0.688309795539725,0,0.714155070096481,0
-0.590426915479089,0,0.807091108535987,0,1,0,-0.807091108535987,0,-0.590426915479089,0.700603260964961,0,0.707281263740764,0
-0.609188705722672,0,0.79302529645651,0,1,0,-0.79302529645651,0,-0.609188705722672,0.712798292190145,0,0.700083104822719,0
-0.627698710959037,0,0.77845637530973,0,1,0,-0.77845637530973,0,-0.627698710959037,0.724875570751361,0,0.692566248751798,0
-0.64592716104341,0,0.76339904547124,0,1,0,-0.76339904547124,0,-0.64592716104341,0.73681625174929,0,0.684737544179342,0
-0.663845389495651,0,0.747869840844895,0,1,0,-0.747869840844895,0,-0.663845389495651,0.748602031104705,0,0.676605013560184,0
-0.681425937279972,0,0.731887075990628,0,1,0,-0.731887075990628,0,-0.681425937279972,0.760215211360325,0,0.6681778283019,0
-0.698642652456885,0,0.715470784985668,0,1,0,-0.715470784985668,0,-0.698642652456885,0.771638765553446,0,0.659466278678162,0
-0.715470784985668,0,0.698642652456885,0,1,0,-0.698642652456885,0,-0.715470784985668,0.782856398697133,0,0.650481738721044,0
-0.731887075990628,0,0.681425937279972,0,1,0,-0.681425937279972,0,-0.731887075990628,0.793852606424848,0,0.641236626344281,0
-0.747869840844895,0,0.66384538949565,0,1,0,-0.66384538949565,0,-0.747869840844895,0.804612730374112,0,0.631744358984823,0
-0.76339904547124,0,0.64592716104341,0,1,0,-0.64592716104341,0,-0.76339904547124,0.815123009908882,0,0.622019305083323,0
-0.778456375309731,0,0.627698710959036,0,1,0,-0.627698710959036,0,-0.778456375309731,0.825370629807534,0,0.612076731754962,0
-0.79302529645651,0,0.609188705722672,0,1,0,-0.609188705722672,0,-0.79302529645651,0.835343763573321,0,0.601932749029923,0
-0.807091108535987,0,0.590426915479089,0,1,0,-0.590426915479089,0,-0.807091108535987,0.845031612056689,0,0.591604251067686,0
-0.820640988929513,0,0.571444106880797,0,1,0,-0.571444106880797,0,-0.820640988929513,0.854424437113399,0,0.581108854770671,0
-0.833664028046659,0,0.552271933327251,0,1,0,-0.552271933327251,0,-0.833664028046659,0.863513590058744,0,0.570464836240578,0
-0.846151255389712,0,0.532942823389539,0,1,0,-0.532942823389539,0,-0.846151255389712,0.872291534715779,0,0.559691065534678,0
-0.858095656227235,0,0.513489868219375,0,1,0,-0.513489868219375,0,-0.858095656227235,0.880751864894042,0,0.548806940189357,0
-0.86949217875787,0,0.493946708743861,0,1,0,-0.493946708743861,0,-0.86949217875787,0.888889316174256,0,0.537832317984087,0
-0.880337731710178,0,0.474347423443386,0,1,0,-0.474347423443386,0,-0.880337731710178,0.896699771913566,0,0.526787449420863,0
-0.890631172387537,0,0.454726417499139,0,1,0,-0.454726417499139,0,-0.890631172387537,0.904180263424551,0,0.515692910391771,0
-0.900373285228302,0,0.435118314079279,0,1,0,-0.435118314079279,0,-0.900373285228302,0.911328964319128,0,0.504569535500985,0
-0.909566751009859,0,0.415557848508928,0,1,0,-0.415557848508928,0,-0.909566751009859,0.918145179045101,0,0.493438352496988,0
-0.918216106880274,0,0.396079766039157,0,1,0,-0.396079766039157,0,-0.918216106880274,0.924629325678186,0,0.48232051825651,0
-0.926327697452408,0,0.37671872389426,0,1,0,-0.37671872389426,0,-0.926327697452408,0.930782913065424,0,0.471237256743497,0
-0.933909617242032,0,0.357509198235293,0,1,0,-0.357509198235293,0,-0.933909617242032,0.936608512446618,0,0.460209799344743,0
-0.940971644773248,0,0.338485396631418,0,1,0,-0.338485396631418,0,-0.940971644773248,0.942109723708648,0,0.449259327958714,0
-0.947525168710948,0,0.319681176579556,0,1,0,-0.319681176579556,0,-0.947525168710948,0.947291136452693,0,0.43840692118585,0
-0.953583106410766,0,0.301129970557555,0,1,0,-0.301129970557555,0,-0.953583106410766,0.952158286076568,0,0.427673503937527,0
-0.959159815301788,0,0.282864718037156,0,1,0,-0.282864718037156,0,-0.959159815301788,0.956717605093133,0,0.417079800747076,0
-0.964270997535918,0,0.264917804820826,0,1,0,-0.264917804820826,0,-0.964270997535918,0.960976369921073,0,0.406646293030209,0
-0.968933598350163,0,0.247321010001586,0,1,0,-0.247321010001586,0,-0.968933598350163,0.96494264339608,0,0.396393180503985,0
-0.973165698594152,0,0.230105460777783,0,1,0,-0.230105460777783,0,-0.973165698594152,0.968625213258534,0,0.386340346933586,0
-0.976986401874955,0,0.213301595285709,0,1,0,-0.213301595285709,0,-0.976986401874955,0.972033526878235,0,0.37650733033465,0
-0.980415716764821,0,0.196939133542631,0,1,0,-0.196939133542631,0,-0.980415716764821,0.97517762247753,0,0.36691329771631,0
-0.983474434505008,0,0.181047056521377,0,1,0,-0.181047056521377,0,-0.983474434505008,0.978068057111438,0,0.357577024406363,0
-0.986184002620666,0,0.165653593305675,0,1,0,-0.165653593305675,0,-0.986184002620666,0.980715831657223,0,0.348516877955612,0
-0.988566394838068,0,0.150786216203155,0,1,0,-0.150786216203155,0,-0.988566394838068,0.983132313056471,0,0.339750806573449,0
-0.990643977666802,0,0.136471643620557,0,1,0,-0.136471643620557,0,-0.990643977666802,0.985329154040274,0,0.331296332001432,0
-0.99243937397624,0,0.122735850433556,0,1,0,-0.122735850433556,0,-0.99243937397624,0.987318210552972,0,0.323170546686065,0
-0.993975323858264,0,0.109604085511718,0,1,0,-0.109604085511718,0,-0.993975323858264,0.98911145707222,0,0.315390115066404,0
-0.9952745430274,0,0.0971008959876251,0,1,0,-0.0971008959876251,0,-0.9952745430274,0.990720900003418,0,0.30797127874644,0
-0.996359578965894,0,0.0852501577881591,0,1,0,-0.0852501577881591,0,-0.996359578965894,0.992158489305034,0,0.300929865276729,0
-0.997252664975473,0,0.0740751118751591,0,1,0,-0.0740751118751591,0,-0.997252664975473,0.993436028478611,0,0.294281300224187,0
-0.997975572250475,0,0.0635984055722893,0,1,0,-0.0635984055722893,0,-0.997975572250475,0.994565083033626,0,0.288040622163585,0
-0.998549460039387,0,0.0538421382845138,0,1,0,-0.0538421382845138,0,-0.998549460039387,0.995556887513464,0,0.282222500178893,0
-0.998994723914583,0,0.0448279108461119,0,1,0,-0.0448279108461119,0,-0.998994723914583,0.996422251145089,0,0.276841253417111,0
-0.999330842124109,0,0.0365768776622456,0,1,0,-0.0365768776622456,0,-0.999330842124109,0.997171462152107,0,0.271910872191697,0
-0.99957621995575,0,0.0291098007374625,0,1,0,-0.0291098007374625,0,-0.99957621995575,0.997814190749508,0,0.267445040086726,0
-0.999748032003337,0,0.0224471046118318,0,1,0,-0.0224471046118318,0,-0.999748032003337,0.998359390819008,0,0.263457156466673,0
-0.999862062189586,0,0.0166089311512815,0,1,0,-0.0166089311512815,0,-0.999862062189586,0.998815200247412,0,0.259960358749836,0
-0.999932541369724,0,0.0116151930627572,0,1,0,-0.0116151930627572,0,-0.999932541369724,0.999188839897463,0,0.256967543755801,0
-0.999971982317233,0,0.00748562492672817,0,1,0,-0.00748562492672817,0,-0.999971982317233,0.999486511172031,0,0.254491387389017,0
-0.999991011878447,0,0.00423983045886995,0,1,0,-0.00423983045886995,0,-0.999991011878447,0.999713292129092,0,0.252544361871071,0
-0.999998200078006,0,0.00189732462928189,0,1,0,-0.00189732462928189,0,-0.999998200078006,0.99987303210767,0,0.251138749683902,0
-0.999999885963832,0,0.000477569181036536,0,1,0,-0.000477569181036536,0,-0.999999885963832,0.999968244834629,0,0.250286653334617,0
-1,0,1.72254642419883e-16,0,1,0,-1.72254642419883e-16,0,-1,1,0,0.25,0
-1,0,1.22464679914735e-16,0,1,0,-1.22464679914735e-16,0,-1,1,0,0.25,0
-1,0,1.22464679914735e-16,0,1,0,-1.22464679914735e-16,0,-1,1,0,0.249923992501281,0
-1,0,1.22464679914735e-16,0,1,0,-1.22464679914735e-16,0,-1,1,0,0.249698031225426,0
-1,0,1.22464679914735e-16,0,1,0,-1.22464679914735e-16,0,-1,1,0,0.249325208002894,0
-1,0,1.22464679914735e-16,0,1,0,-1.22464679914735e-16,0,-1,1,0,0.24880861466414,0
-1,0,1.22464679914735e-16,0,1,0,-1.22464679914735e-16,0,-1,1,0,0.24815134303962,0
-1,0,1.22464679914735e-16,0,1,0,-1.22464679914735e-16,0,-1,1,0,0.247356484959791,0
-1,0,1.22464679914735e-16,0,1,0,-1.22464679914735e-16,0,-1,1,0,0.246427132255109,0
-1,0,1.22464679914735e-16,0,1,0,-1.22464679914735e-16,0,-1,1,0,0.245366376756031,0
-1,0,1.22464679914735e-16,0,1,0,-1.22464679914735e-16,0,-1,1,0,0.244177310293013,0
-1,0,1.22464679914735e-16,0,1,0,-1.22464679914735e-16,0,-1,1,0,0.242863024696511,0
-1,0,1.22464679914735e-16,0,1,0,-1.22464679914735e-16,0,-1,1,0,0.241426611796982,0
-1,0,1.22464679914735e-16,0,1,0,-1.22464679914735e-16,0,-1,1,0,0.239871163424882,0
-1,0,1.22464679914735e-16,0,1,0,-1.22464679914735e-16,0,-1,1,0,0.238199771410668,0
-1,0,1.22464679914735e-16,0,1,0,-1.22464679914735e-16,0,-1,1,0,0.236415527584796,0
-1,0,1.22464679914735e-16,0,1,0,-1.22464679914735e-16,0,-1,1,0,0.234521523777722,0
-1,0,1.22464679914735e-16,0,1,0,-1.22464679914735e-16,0,-1,1,0,0.232520851819903,0
-1,0,1.22464679914735e-16,0,1,0,-1.22464679914735e-16,0,-1,1,0,0.230416603541795,0
-1,0,1.22464679914735e-16,0,1,0,-1.22464679914735e-16,0,-1,1,0,0.228211870773854,0
-1,0,1.22464679914735e-16,0,1,0,-1.22464679914735e-16,0,-1,1,0,0.225909745346538,0
-1,0,1.22464679914735e-16,0,1,0,-1.22464679914735e-16,0,-1,1,0,0.223513319090301,0
-1,0,1.22464679914735e-16,0,1,0,-1.22464679914735e-16,0,-1,1,0,0.221025683835601,0
-1,0,1.22464679914735e-16,0,1,0,-1.22464679914735e-16,0,-1,1,0,0.218449931412894,0
-1,0,1.22464679914735e-16,0,1,0,-1.22464679914735e-16,0,-1,1,0,0.215789153652637,0
-1,0,1.22464679914735e-16,0,1,0,-1.22464679914735e-16,0,-1,1,0,0.213046442385285,0
-1,0,1.22464679914735e-16,0,1,0,-1.22464679914735e-16,0,-1,1,0,0.210224889441296,0
-1,0,1.22464679914735e-16,0,1,0,-1.22464679914735e-16,0,-1,1,0,0.207327586651125,0
-1,0,1.22464679914735e-16,0,1,0,-1.22464679914735e-16,0,-1,1,0,0.204357625845229,0
-1,0,1.22464679914735e-16,0,1,0,-1.22464679914735e-16,0,-1,1,0,0.201318098854065,0
-1,0,1.22464679914735e-16,0,1,0,-1.22464679914735e-16,0,-1,1,0,0.198212097508088,0
-1,0,1.22464679914735e-16,0,1,0,-1.22464679914735e-16,0,-1,1,0,0.195042713637755,0
-1,0,1.22464679914735e-16,0,1,0,-1.22464679914735e-16,0,-1,1,0,0.191813039073523,0
-1,0,1.22464679914735e-16,0,1,0,-1.22464679914735e-16,0,-1,1,0,0.188526165645847,0
-1,0,1.22464679914735e-16,0,1,0,-1.22464679914735e-16,0,-1,1,0,0.185185185185185,0
-1,0,1.22464679914735e-16,0,1,0,-1.22464679914735e-16,0,-1,1,0,0.181793189521993,0
-1,0,1.22464679914735e-16,0,1,0,-1.22464679914735e-16,0,-1,1,0,0.178353270486726,0
-1,0,1.22464679914735e-16,0,1,0,-1.22464679914735e-16,0,-1,1,0,0.174868519909842,0
-1,0,1.22464679914735e-16,0,1,0,-1.22464679914735e-16,0,-1,1,0,0.171342029621797,0
-1,0,1.22464679914735e-16,0,1,0,-1.22464679914735e-16,0,-1,1,0,0.167776891453047,0
-1,0,1.22464679914735e-16,0,1,0,-1.22464679914735e-16,0,-1,1,0,0.164176197234048,0
-1,0,1.22464679914735e-16,0,1,0,-1.22464679914735e-16,0,-1,1,0,0.160543038795258,0
-1,0,1.22464679914735e-16,0,1,0,-1.22464679914735e-16,0,-1,1,0,0.156880507967132,0
-1,0,1.22464679914735e-16,0,1,0,-1.22464679914735e-16,0,-1,1,0,0.153191696580126,0
-1,0,1.22464679914735e-16,0,1,0,-1.22464679914735e-16,0,-1,1,0,0.149479696464698,0
-1,0,1.22464679914735e-16,0,1,0,-1.22464679914735e-16,0,-1,1,0,0.145747599451303,0
-1,0,1.22464679914735e-16,0,1,0,-1.22464679914735e-16,0,-1,1,0,0.141998497370398,0
-1,0,1.22464679914735e-16,0,1,0,-1.22464679914735e-16,0,-1,1,0,0.138235482052439,0
-1,0,1.22464679914735e-16,0,1,0,-1.22464679914735e-16,0,-1,1,0,0.134461645327883,0
-1,0,1.22464679914735e-16,0,1,0,-1.22464679914735e-16,0,-1,1,0,0.130680079027186,0
-1,0,1.22464679914735e-16,0,1,0,-1.22464679914735e-16,0,-1,1,0,0.126893874980805,0
-1,0,1.22464679914735e-16,0,1,0,-1.22464679914735e-16,0,-1,1,0,0.123106125019195,0
-1,0,1.22464679914735e-16,0,1,0,-1.22464679914735e-16,0,-1,1,0,0.119319920972813,0
-1,0,1.22464679914735e-16,0,1,0,-1.22464679914735e-16,0,-1,1,0,0.115538354672116,0
-1,0,1.22464679914735e-16,0,1,0,-1.22464679914735e-16,0,-1,1,0,0.111764517947561,0
-1,0,1.22464679914735e-16,0,1,0,-1.22464679914735e-16,0,-1,1,0,0.108001502629602,0
-1,0,1.22464679914735e-16,0,1,0,-1.22464679914735e-16,0,-1,1,0,0.104252400548697,0
-1,0,1.22464679914735e-16,0,1,0,-1.22464679914735e-16,0,-1,1,0,0.100520303535302,0
-1,0,1.22464679914735e-16,0,1,0,-1.22464679914735e-16,0,-1,1,0,0.0968083034198736,0
-1,0,1.22464679914735e-16,0,1,0,-1.22464679914735e-16,0,-1,1,0,0.0931194920328682,0
-1,0,1.22464679914735e-16,0,1,0,-1.22464679914735e-16,0,-1,1,0,0.089456961204742,0
-1,0,1.22464679914735e-16,0,1,0,-1.22464679914735e-16,0,-1,1,0,0.0858238027659515,0
-1,0,1.22464679914735e-16,0,1,0,-1.22464679914735e-16,0,-1,1,0,0.0822231085469531,0
-1,0,1.22464679914735e-16,0,1,0,-1.22464679914735e-16,0,-1,1,0,0.078657970378203,0
-1,0,1.22464679914735e-16,0,1,0,-1.22464679914735e-16,0,-1,1,0,0.0751314800901577,0
-1,0,1.22464679914735e-16,0,1,0,-1.22464679914735e-16,0,-1,1,0,0.0716467295132737,0
-1,0,1.22464679914735e-16,0,1,0,-1.22464679914735e-16,0,-1,1,0,0.0682068104780073,0
-1,0,1.22464679914735e-16,0,1,0,-1.22464679914735e-16,0,-1,1,0,0.0648148148148148,0
-1,0,1.22464679914735e-16,0,1,0,-1.22464679914735e-16,0,-1,1,0,0.0614738343541527,0
-1,0,1.22464679914735e-16,0,1,0,-1.22464679914735e-16,0,-1,1,0,0.0581869609264773,0
-1,0,1.22464679914735e-16,0,1,0,-1.22464679914735e-16,0,-1,1,0,0.054957286362245,0
-1,0,1.22464679914735e-16,0,1,0,-1.22464679914735e-16,0,-1,1,0,0.0517879024919123,0
-1,0,1.22464679914735e-16,0,1,0,-1.22464679914735e-16,0,-1,1,0,0.0486819011459355,0
-1,0,1.22464679914735e-16,0,1,0,-1.22464679914735e-16,0,-1,1,0,0.0456423741547708,0
-1,0,1.22464679914735e-16,0,1,0,-1.22464679914735e-16,0,-1,1,0,0.0426724133488749,0
-1,0,1.22464679914735e-16,0,1,0,-1.22464679914735e-16,0,-1,1,0,0.0397751105587041,0
-1,0,1.22464679914735e-16,0,1,0,-1.22464679914735e-16,0,-1,1,0,0.0369535576147146,0
-1,0,1.22464679914735e-16,0,1,0,-1.22464679914735e-16,0,-1,1,0,0.034210846347363,0
-1,0,1.22464679914735e-16,0,1,0,-1.22464679914735e-16,0,-1,1,0,0.0315500685871056,0
-1,0,1.22464679914735e-16,0,1,0,-1.22464679914735e-16,0,-1,1,0,0.0289743161643988,0
-1,0,1.22464679914735e-16,0,1,0,-1.22464679914735e-16,0,-1,1,0,0.026486680909699,0
-1,0,1.22464679914735e-16,0,1,0,-1.22464679914735e-16,0,-1,1,0,0.0240902546534625,0
-1,0,1.22464679914735e-16,0,1,0,-1.22464679914735e-16,0,-1,1,0,0.0217881292261458,0
-1,0,1.22464679914735e-16,0,1,0,-1.22464679914735e-16,0,-1,1,0,0.0195833964582051,0
-1,0,1.22464679914735e-16,0,1,0,-1.22464679914735e-16,0,-1,1,0,0.0174791481800971,0
-1,0,1.22464679914735e-16,0,1,0,-1.22464679914735e-16,0,-1,1,0,0.0154784762222778,0
-1,0,1.22464679914735e-16,0,1,0,-1.22464679914735e-16,0,-1,1,0,0.0135844724152039,0
-1,0,1.22464679914735e-16,0,1,0,-1.22464679914735e-16,0,-1,1,0,0.0118002285893317,0
-1,0,1.22464679914735e-16,0,1,0,-1.22464679914735e-16,0,-1,1,0,0.0101288365751175,0
-1,0,1.22464679914735e-16,0,1,0,-1.22464679914735e-16,0,-1,1,0,0.00857338820301784,0
-1,0,1.22464679914735e-16,0,1,0,-1.22464679914735e-16,0,-1,1,0,0.00713697530348889,0
-1,0,1.22464679914735e-16,0,1,0,-1.22464679914735e-16,0,-1,1,0,0.00582268970698718,0
-1,0,1.22464679914735e-16,0,1,0,-1.22464679914735e-16,0,-1,1,0,0.0046336232439691,0
-1,0,1.22464679914735e-16,0,1,0,-1.22464679914735e-16,0,-1,1,0,0.00357286774489096,0
-1,0,1.22464679914735e-16,0,1,0,-1.22464679914735e-16,0,-1,1,0,0.00264351504020932,0
-1,0,1.22464679914735e-16,0,1,0,-1.22464679914735e-16,0,-1,1,0,0.00184865696038022,0
-1,0,1.22464679914735e-16,0,1,0,-1.22464679914735e-16,0,-1,1,0,0.00119138533586027,0
-1,0,1.22464679914735e-16,0,1,0,-1.22464679914735e-16,0,-1,1,0,0.000674791997106072,0
-1,0,1.22464679914735e-16,0,1,0,-1.22464679914735e-16,0,-1,1,0,0.000301968774573613,0
-1,0,1.22464679914735e-16,0,1,0,-1.22464679914735e-16,0,-1,1,0,7.60074987194992e-05,0
-1,0,1.22464679914735e-16,0,1,0,-1.22464679914735e-16,0,-1,1,0,0,0
-1,0,1.22464679914735e-16,0,1,0,-1.22464679914735e-16,0,-1,1,0,0,1
-1,0,1.22464679914735e-16,0,1,0,-1.22464679914735e-16,0,-1,1,0,0,1
-1,0,1.22464679914735e-16,0,1,0,-1.22464679914735e-16,0,-1,1,0,0,1
-1,0,1.22464679914735e-16,0,1,0,-1.22464679914735e-16,0,-1,1,0,0,1
-1,0,1.22464679914735e-16,0,1,0,-1.22464679914735e-16,0,-1,1,0,0,1
-1,0,1.22464679914735e-16,0,1,0,-1.22464679914735e-16,0,-1,1,0,0,1
-1,0,1.22464679914735e-16,0,1,0,-1.22464679914735e-16,0,-1,1,0,0,1
-1,0,1.22464679914735e-16,0,1,0,-1.22464679914735e-16,0,-1,1,0,0,1
-1,0,1.22464679914735e-16,0,1,0,-1.22464679914735e-16,0,-1,1,0,0,1
-1,0,1.22464679914735e-16,0,1,0,-1.22464679914735e-16,0,-1,1,0,0,1
-1,0,1.22464679914735e-16,0,1,0,-1.22464679914735e-16,0,-1,1,0,0,1
-1,0,1.22464679914735e-16,0,1,0,-1.22464679914735e-16,0,-1,1,0,0,1
-1,0,1.22464679914735e-16,0,1,0,-1.22464679914735e-16,0,-1,1,0,0,1
-1,0,1.22464679914735e-16,0,1,0,-1.22464679914735e-16,0,-1,1,0,0,1
-1,0,1.22464679914735e-16,0,1,0,-1.22464679914735e-16,0,-1,1,0,0,1
-1,0,1.22464679914735e-16,0,1,0,-1.22464679914735e-16,0,-1,1,0,0,1
-1,0,1.22464679914735e-16,0,1,0,-1.22464679914735e-16,0,-1,1,0,0,1
-1,0,1.22464679914735e-16,0,1,0,-1.22464679914735e-16,0,-1,1,0,0,1
-1,0,1.22464679914735e-16,0,1,0,-1.22464679914735e-16,0,-1,1,0,0,1
-1,0,1.22464679914735e-16,0,1,0,-1.22464679914735e-16,0,-1,1,0,0,1
-1,0,1.22464679914735e-16,0,1,0,-1.22464679914735e-16,0,-1,1,0,0,1
-1,0,1.22464679914735e-16,0,1,0,-1.22464679914735e-16,0,-1,1,0,0,1
-1,0,1.22464679914735e-16,0,1,0,-1.22464679914735e-16,0,-1,1,0,0,1
-1,0,1.22464679914735e-16,0,1,0,-1.22464679914735e-16,0,-1,1,0,0,1
-1,0,1.22464679914735e-16,0,1,0,-1.22464679914735e-16,0,-1,1,0,0,1
-1,0,1.22464679914735e-16,0,1,0,-1.22464679914735e-16,0,-1,1,0,0,1
-1,0,1.22464679914735e-16,0,1,0,-1.22464679914735e-16,0,-1,1,0,0,1
-1,0,1.22464679914735e-16,0,1,0,-1.22464679914735e-16,0,-1,1,0,0,1
-1,0,1.22464679914735e-16,0,1,0,-1.22464679914735e-16,0,-1,1,0,0,1
-1,0,1.22464679914735e-16,0,1,0,-1.22464679914735e-16,0,-1,1,0,0,1
-1,0,1.22464679914735e-16,0,1,0,-1.22464679914735e-16,0,-1,1,0,0,1
-1,0,1.22464679914735e-16,0,1,0,-1.22464679914735e-16,0,-1,1,0,0,1
-1,0,1.22464679914735e-16,0,1,0,-1.22464679914735e-16,0,-1,1,0,0,1
-1,0,1.22464679914735e-16,0,1,0,-1.22464679914735e-16,0,-1,1,0,0,1
-1,0,1.22464679914735e-16,0,1,0,-1.22464679914735e-16,0,-1,1,0,0,1
-1,0,1.22464679914735e-16,0,1,0,-1.22464679914735e-16,0,-1,1,0,0,1
-1,0,1.22464679914735e-16,0,1,0,-1.22464679914735e-16,0,-1,1,0,0,1
-1,0,1.22464679914735e-16,0,1,0,-1.22464679914735e-16,0,-1,1,0,0,1
-1,0,1.22464679914735e-16,0,1,0,-1.22464679914735e-16,0,-1,1,0,0,1
-1,0,1.22464679914735e-16,0,1,0,-1.22464679914735e-16,0,-1,1,0,0,1
-1,0,1.22464679914735e-16,0,1,0,-1.22464679914735e-16,0,-1,1,0,0,1
-1,0,1.22464679914735e-16,0,1,0,-1.22464679914735e-16,0,-1,1,0,0,1
-1,0,1.22464679914735e-16,0,1,0,-1.22464679914735e-16,0,-1,1,0,0,1
-1,0,1.22464679914735e-16,0,1,0,-1.22464679914735e-16,0,-1,1,0,0,1
-1,0,1.22464679914735e-16,0,1,0,-1.22464679914735e-16,0,-1,1,0,0,1
-1,0,1.22464679914735e-16,0,1,0,-1.22464679914735e-16,0,-1,1,0,0,1
-1,0,1.22464679914735e-16,0,1,0,-1.22464679914735e-16,0,-1,1,0,0,1
-1,0,1.22464679914735e-16,0,1,0,-1.22464679914735e-16,0,-1,1,0,0,1
-1,0,1.22464679914735e-16,0,1,0,-1.22464679914735e-16,0,-1,1,0,0,1
-1,0,1.22464679914735e-16,0,1,0,-1.22464679914735e-16,0,-1,1,0,0,1
-1,0,1.22464679914735e-16,0,1,0,-1.22464679914735e-16,0,-1,1,0,0,1
-1,0,1.22464679914735e-16,0,1,0,-1.22464679914735e-16,0,-1,1,0,0,1
-1,0,1.22464679914735e-16,0,1,0,-1.22464679914735e-16,0,-1,1,0,0,1
-1,0,1.22464679914735e-16,0,1,0,-1.22464679914735e-16,0,-1,1,0,0,1
-1,0,1.22464679914735e-16,0,1,0,-1.22464679914735e-16,0,-1,1,0,0,1
-1,0,1.22464679914735e-16,0,1,0,-1.22464679914735e-16,0,-1,1,0,0,1
-1,0,1.22464679914735e-16,0,1,0,-1.22464679914735e-16,0,-1,1,0,0,1
-1,0,1.22464679914735e-16,0,1,0,-1.22464679914735e-16,0,-1,1,0,0,1
-1,0,1.22464679914735e-16,0,1,0,-1.22464679914735e-16,0,-1,1,0,0,1
-1,0,1.22464679914735e-16,0,1,0,-1.22464679914735e-16,0,-1,1,0,0,1
-1,0,1.22464679914735e-16,0,1,0,-1.22464679914735e-16,0,-1,1,0,0,1
-1,0,1.22464679914735e-16,0,1,0,-1.22464679914735e-16,0,-1,1,0,0,1
-1,0,1.22464679914735e-16,0,1,0,-1.22464679914735e-16,0,-1,1,0,0,1
-1,0,1.22464679914735e-16,0,1,0,-1.22464679914735e-16,0,-1,1,0,0,1
-1,0,1.22464679914735e-16,0,1,0,-1.22464679914735e-16,0,-1,1,0,0,1
-1,0,1.22464679914735e-16,0,1,0,-1.22464679914735e-16,0,-1,1,0,0,1
-1,0,1.22464679914735e-16,0,1,0,-1.22464679914735e-16,0,-1,1,0,0,1
-1,0,1.22464679914735e-16,0,1,0,-1.22464679914735e-16,0,-1,1,0,0,1
-1,0,1.22464679914735e-16,0,1,0,-1.22464679914735e-16,0,-1,1,0,0,1
-1,0,1.22464679914735e-16,0,1,0,-1.22464679914735e-16,0,-1,1,0,0,1
-1,0,1.22464679914735e-16,0,1,0,-1.22464679914735e-16,0,-1,1,0,0,1
-1,0,1.22464679914735e-16,0,1,0,-1.22464679914735e-16,0,-1,1,0,0,1
-1,0,1.22464679914735e-16,0,1,0,-1.22464679914735e-16,0,-1,1,0,0,1
-1,0,1.22464679914735e-16,0,1,0,-1.22464679914735e-16,0,-1,1,0,0,1
-1,0,1.22464679914735e-16,0,1,0,-1.22464679914735e-16,0,-1,1,0,0,1
-1,0,1.22464679914735e-16,0,1,0,-1.22464679914735e-16,0,-1,1,0,0,1
-1,0,1.22464679914735e-16,0,1,0,-1.22464679914735e-16,0,-1,1,0,0,1
-1,0,1.22464679914735e-16,0,1,0,-1.22464679914735e-16,0,-1,1,0,0,1
-1,0,1.22464679914735e-16,0,1,0,-1.22464679914735e-16,0,-1,1,0,0,1
-1,0,1.22464679914735e-16,0,1,0,-1.22464679914735e-16,0,-1,1,0,0,1
-1,0,1.22464679914735e-16,0,1,0,-1.22464679914735e-16,0,-1,1,0,0,1
-1,0,1.22464679914735e-16,0,1,0,-1.22464679914735e-16,0,-1,1,0,0,1
-1,0,1.22464679914735e-16,0,1,0,-1.22464679914735e-16,0,-1,1,0,0,1
-1,0,1.22464679914735e-16,0,1,0,-1.22464679914735e-16,0,-1,1,0,0,1
-1,0,1.22464679914735e-16,0,1,0,-1.22464679914735e-16,0,-1,1,0,0,1
-1,0,1.22464679914735e-16,0,1,0,-1.22464679914735e-16,0,-1,1,0,0,1
-1,0,1.22464679914735e-16,0,1,0,-1.22464679914735e-16,0,-1,1,0,0,1
-1,0,1.22464679914735e-16,0,1,0,-1.22464679914735e-16,0,-1,1,0,0,1
-1,0,1.22464679914735e-16,0,1,0,-1.22464679914735e-16,0,-1,1,0,0,1
-1,0,1.22464679914735e-16,0,1,0,-1.22464679914735e-16,0,-1,1,0,0,1
-1,0,1.22464679914735e-16,0,1,0,-1.22464679914735e-16,0,-1,1,0,0,1
-1,0,1.22464679914735e-16,0,1,0,-1.22464679914735e-16,0,-1,1,0,0,1
-1,0,1.22464679914735e-16,0,1,0,-1.22464679914735e-16,0,-1,1,0,0,1
-1,0,1.22464679914735e-16,0,1,0,-1.22464679914735e-16,0,-1,1,0,0,1
-1,0,1.22464679914735e-16,0,1,0,-1.22464679914735e-16,0,-1,1,0,0,1
-1,0,1.22464679914735e-16,0,1,0,-1.22464679914735e-16,0,-1,1,0,0,1
-1,0,1.22464679914735e-16,0,1,0,-1.22464679914735e-16,0,-1,1,0,0,1
-1,0,1.22464679914735e-16,0,1,0,-1.22464679914735e-16,0,-1,1,0,0,1
-1,0,1.22464679914735e-16,0,1,0,-1.22464679914735e-16,0,-1,1,0,0,1
-1,0,1.22464679914735e-16,0,1,0,-1.22464679914735e-16,0,-1,1,0,0,1
-1,0,1.22464679914735e-16,0,1,0,-1.22464679914735e-16,0,-1,1,0,0,1
-1,0,1.22464679914735e-16,0,1,0,-1.22464679914735e-16,0,-1,1,0,7.60074987194669e-05,1
-1,0,1.22464679914735e-16,0,1,0,-1.22464679914735e-16,0,-1,1,0,0.000301968774573611,1
-1,0,1.22464679914735e-16,0,1,0,-1.22464679914735e-16,0,-1,1,0,0.000674791997106047,1
-1,0,1.22464679914735e-16,0,1,0,-1.22464679914735e-16,0,-1,1,0,0.00119138533586039,1
-1,0,1.22464679914735e-16,0,1,0,-1.22464679914735e-16,0,-1,1,0,0.00184865696038025,1
-1,0,1.22464679914735e-16,0,1,0,-1.22464679914735e-16,0,-1,1,0,0.00264351504020926,1
-1,0,1.22464679914735e-16,0,1,0,-1.22464679914735e-16,0,-1,1,0,0.00357286774489101,1
-1,0,1.22464679914735e-16,0,1,0,-1.22464679914735e-16,0,-1,1,0,0.00463362324396913,1
-1,0,1.22464679914735e-16,0,1,0,-1.22464679914735e-16,0,-1,1,0,0.00582268970698723,1
-1,0,1.22464679914735e-16,0,1,0,-1.22464679914735e-16,0,-1,1,0,0.00713697530348893,1
-1,0,1.22464679914735e-16,0,1,0,-1.22464679914735e-16,0,-1,1,0,0.00857338820301783,1
-1,0,1.22464679914735e-16,0,1,0,-1.22464679914735e-16,0,-1,1,0,0.0101288365751176,1
-1,0,1.22464679914735e-16,0,1,0,-1.22464679914735e-16,0,-1,1,0,0.0118002285893317,1
-1,0,1.22464679914735e-16,0,1,0,-1.22464679914735e-16,0,-1,1,0,0.013584472415204,1
-1,0,1.22464679914735e-16,0,1,0,-1.22464679914735e-16,0,-1,1,0,0.0154784762222779,1
-1,0,1.22464679914735e-16,0,1,0,-1.22464679914735e-16,0,-1,1,0,0.0174791481800971,1
-1,0,1.22464679914735e-16,0,1,0,-1.22464679914735e-16,0,-1,1,0,0.0195833964582052,1
-1,0,1.22464679914735e-16,0,1,0,-1.22464679914735e-16,0,-1,1,0,0.0217881292261458,1
-1,0,1.22464679914735e-16,0,1,0,-1.22464679914735e-16,0,-1,1,0,0.0240902546534625,1
-1,0,1.22464679914735e-16,0,1,0,-1.22464679914735e-16,0,-1,1,0,0.026486680909699,1
-1,0,1.22464679914735e-16,0,1,0,-1.22464679914735e-16,0,-1,1,0,0.0289743161643988,1
-1,0,1.22464679914735e-16,0,1,0,-1.22464679914735e-16,0,-1,1,0,0.0315500685871056,1
-1,0,1.22464679914735e-16,0,1,0,-1.22464679914735e-16,0,-1,1,0,0.034210846347363,1
-1,0,1.22464679914735e-16,0,1,0,-1.22464679914735e-16,0,-1,1,0,0.0369535576147146,1
-1,0,1.22464679914735e-16,0,1,0,-1.22464679914735e-16,0,-1,1,0,0.0397751105587041,1
-1,0,1.22464679914735e-16,0,1,0,-1.22464679914735e-16,0,-1,1,0,0.0426724133488749,1
-1,0,1.22464679914735e-16,0,1,0,-1.22464679914735e-16,0,-1,1,0,0.0456423741547709,1
-1,0,1.22464679914735e-16,0,1,0,-1.22464679914735e-16,0,-1,1,0,0.0486819011459354,1
-1,0,1.22464679914735e-16,0,1,0,-1.22464679914735e-16,0,-1,1,0,0.0517879024919123,1
-1,0,1.22464679914735e-16,0,1,0,-1.22464679914735e-16,0,-1,1,0,0.054957286362245,1
-1,0,1.22464679914735e-16,0,1,0,-1.22464679914735e-16,0,-1,1,0,0.0581869609264773,1
-1,0,1.22464679914735e-16,0,1,0,-1.22464679914735e-16,0,-1,1,0,0.0614738343541527,1
-1,0,1.22464679914735e-16,0,1,0,-1.22464679914735e-16,0,-1,1,0,0.0648148148148148,1
-1,0,1.22464679914735e-16,0,1,0,-1.22464679914735e-16,0,-1,1,0,0.0682068104780073,1
-1,0,1.22464679914735e-16,0,1,0,-1.22464679914735e-16,0,-1,1,0,0.0716467295132737,1
-1,0,1.22464679914735e-16,0,1,0,-1.22464679914735e-16,0,-1,1,0,0.0751314800901578,1
-1,0,1.22464679914735e-16,0,1,0,-1.22464679914735e-16,0,-1,1,0,0.078657970378203,1
-1,0,1.22464679914735e-16,0,1,0,-1.22464679914735e-16,0,-1,1,0,0.0822231085469531,1
-1,0,1.22464679914735e-16,0,1,0,-1.22464679914735e-16,0,-1,1,0,0.0858238027659515,1
-1,0,1.22464679914735e-16,0,1,0,-1.22464679914735e-16,0,-1,1,0,0.0894569612047421,1
-1,0,1.22464679914735e-16,0,1,0,-1.22464679914735e-16,0,-1,1,0,0.0931194920328682,1
-1,0,1.22464679914735e-16,0,1,0,-1.22464679914735e-16,0,-1,1,0,0.0968083034198737,1
-1,0,1.22464679914735e-16,0,1,0,-1.22464679914735e-16,0,-1,1,0,0.100520303535302,1
-1,0,1.22464679914735e-16,0,1,0,-1.22464679914735e-16,0,-1,1,0,0.104252400548697,1
-1,0,1.22464679914735e-16,0,1,0,-1.22464679914735e-16,0,-1,1,0,0.108001502629602,1
-1,0,1.22464679914735e-16,0,1,0,-1.22464679914735e-16,0,-1,1,0,0.111764517947561,1
-1,0,1.22464679914735e-16,0,1,0,-1.22464679914735e-16,0,-1,1,0,0.115538354672117,1
-1,0,1.22464679914735e-16,0,1,0,-1.22464679914735e-16,0,-1,1,0,0.119319920972814,1
-1,0,1.22464679914735e-16,0,1,0,-1.22464679914735e-16,0,-1,1,0,0.123106125019195,1
-1,0,1.22464679914735e-16,0,1,0,-1.22464679914735e-16,0,-1,1,0,0.126893874980805,1
-1,0,1.22464679914735e-16,0,1,0,-1.22464679914735e-16,0,-1,1,0,0.130680079027187,1
-1,0,1.22464679914735e-16,0,1,0,-1.22464679914735e-16,0,-1,1,0,0.134461645327884,1
-1,0,1.22464679914735e-16,0,1,0,-1.22464679914735e-16,0,-1,1,0,0.138235482052439,1
-1,0,1.22464679914735e-16,0,1,0,-1.22464679914735e-16,0,-1,1,0,0.141998497370398,1
-1,0,1.22464679914735e-16,0,1,0,-1.22464679914735e-16,0,-1,1,0,0.145747599451303,1
-1,0,1.22464679914735e-16,0,1,0,-1.22464679914735e-16,0,-1,1,0,0.149479696464698,1
-1,0,1.22464679914735e-16,0,1,0,-1.22464679914735e-16,0,-1,1,0,0.153191696580126,1
-1,0,1.22464679914735e-16,0,1,0,-1.22464679914735e-16,0,-1,1,0,0.156880507967132,1
-1,0,1.22464679914735e-16,0,1,0,-1.22464679914735e-16,0,-1,1,0,0.160543038795258,1
-1,0,1.22464679914735e-16,0,1,0,-1.22464679914735e-16,0,-1,1,0,0.164176197234048,1
-1,0,1.22464679914735e-16,0,1,0,-1.22464679914735e-16,0,-1,1,0,0.167776891453047,1
-1,0,1.22464679914735e-16,0,1,0,-1.22464679914735e-16,0,-1,1,0,0.171342029621797,1
-1,0,1.22464679914735e-16,0,1,0,-1.22464679914735e-16,0,-1,1,0,0.174868519909842,1
-1,0,1.22464679914735e-16,0,1,0,-1.22464679914735e-16,0,-1,1,0,0.178353270486726,1
-1,0,1.22464679914735e-16,0,1,0,-1.22464679914735e-16,0,-1,1,0,0.181793189521993,1
-1,0,1.22464679914735e-16,0,1,0,-1.22464679914735e-16,0,-1,1,0,0.185185185185185,1
-1,0,1.22464679914735e-16,0,1,0,-1.22464679914735e-16,0,-1,1,0,0.188526165645847,1
-1,0,1.22464679914735e-16,0,1,0,-1.22464679914735e-16,0,-1,1,0,0.191813039073523,1
-1,0,1.22464679914735e-16,0,1,0,-1.22464679914735e-16,0,-1,1,0,0.195042713637755,1
-1,0,1.22464679914735e-16,0,1,0,-1.22464679914735e-16,0,-1,1,0,0.198212097508088,1
-1,0,1.22464679914735e-16,0,1,0,-1.22464679914735e-16,0,-1,1,0,0.201318098854065,1
-1,0,1.22464679914735e-16,0,1,0,-1.22464679914735e-16,0,-1,1,0,0.204357625845229,1
-1,0,1.22464679914735e-16,0,1,0,-1.22464679914735e-16,0,-1,1,0,0.207327586651125,1
-1,0,1.22464679914735e-16,0,1,0,-1.22464679914735e-16,0,-1,1,0,0.210224889441296,1
-1,0,1.22464679914735e-16,0,1,0,-1.22464679914735e-16,0,-1,1,0,0.213046442385285,1
-1,0,1.22464679914735e-16,0,1,0,-1.22464679914735e-16,0,-1,1,0,0.215789153652637,1
-1,0,1.22464679914735e-16,0,1,0,-1.22464679914735e-16,0,-1,1,0,0.218449931412894,1
-1,0,1.22464679914735e-16,0,1,0,-1.22464679914735e-16,0,-1,1,0,0.221025683835601,1
-1,0,1.22464679914735e-16,0,1,0,-1.22464679914735e-16,0,-1,1,0,0.223513319090301,1
-1,0,1.22464679914735e-16,0,1,0,-1.22464679914735e-16,0,-1,1,0,0.225909745346538,1
-1,0,1.22464679914735e-16,0,1,0,-1.22464679914735e-16,0,-1,1,0,0.228211870773854,1
-1,0,1.22464679914735e-16,0,1,0,-1.22464679914735e-16,0,-1,1,0,0.230416603541795,1
-1,0,1.22464679914735e-16,0,1,0,-1.22464679914735e-16,0,-1,1,0,0.232520851819903,1
-1,0,1.22464679914735e-16,0,1,0,-1.22464679914735e-16,0,-1,1,0,0.234521523777722,1
-1,0,1.22464679914735e-16,0,1,0,-1.22464679914735e-16,0,-1,1,0,0.236415527584796,1
-1,0,1.22464679914735e-16,0,1,0,-1.22464679914735e-16,0,-1,1,0,0.238199771410668,1
-1,0,1.22464679914735e-16,0,1,0,-1.22464679914735e-16,0,-1,1,0,0.239871163424882,1
-1,0,1.22464679914735e-16,0,1,0,-1.22464679914735e-16,0,-1,1,0,0.241426611796982,1
-1,0,1.22464679914735e-16,0,1,0,-1.22464679914735e-16,0,-1,1,0,0.242863024696511,1
-1,0,1.22464679914735e-16,0,1,0,-1.22464679914735e-16,0,-1,1,0,0.244177310293013,1
-1,0,1.22464679914735e-16,0,1,0,-1.22464679914735e-16,0,-1,1,0,0.245366376756031,1
-1,0,1.22464679914735e-16,0,1,0,-1.22464679914735e-16,0,-1,1,0,0.246427132255109,1
-1,0,1.22464679914735e-16,0,1,0,-1.22464679914735e-16,0,-1,1,0,0.247356484959791,1
-1,0,1.22464679914735e-16,0,1,0,-1.22464679914735e-16,0,-1,1,0,0.24815134303962,1
-1,0,1.22464679914735e-16,0,1,0,-1.22464679914735e-16,0,-1,1,0,0.24880861466414,1
-1,0,1.22464679914735e-16,0,1,0,-1.22464679914735e-16,0,-1,1,0,0.249325208002894,1
-1,0,1.22464679914735e-16,0,1,0,-1.22464679914735e-16,0,-1,1,0,0.249698031225426,1
-1,0,1.22464679914735e-16,0,1,0,-1.22464679914735e-16,0,-1,1,0,0.249923992501281,1
-1,0,1.22464679914735e-16,0,1,0,-1.22464679914735e-16,0,-1,1,0,0.25,1
-1,0,1.22464679914735e-16,0,1,0,-1.22464679914735e-16,0,-1,1,0,0.25,1
-0.999999885963832,0.000477569181036238,1.22464665949333e-16,0.000477569181036238,0.999999885963832,-5.84853568927452e-20,-1.22464679914735e-16,0,-1,0.999999885963832,-0.000477569181036238,0.25,1
-0.999998200078006,0.00189732462928167,1.22464459487864e-16,0.00189732462928167,0.999998200078006,-2.32355253419324e-19,-1.22464679914735e-16,0,-1,0.999998200078006,-0.00189732462928167,0.25,1
-0.999991011878447,0.00423983045886957,1.22463579187306e-16,0.00423983045886957,0.999991011878447,-5.19229480038207e-19,-1.22464679914735e-16,0,-1,0.999991011878447,-0.00423983045886957,0.25,1
-0.999971982317233,0.00748562492672888,1.22461248738183e-16,0.00748562492672888,0.999971982317233,-9.16724660613617e-19,-1.22464679914735e-16,0,-1,0.999971982317233,-0.00748562492672889,0.25,1
-0.999932541369724,0.0116151930627572,1.22456418615171e-16,0.0116151930627572,0.999932541369724,-1.42245090057842e-18,-1.22464679914735e-16,0,-1,0.999932541369724,-0.0116151930627572,0.25,1
-0.999862062189586,0.0166089311512811,1.22447787404935e-16,0.0166089311512811,0.999862062189586,-2.03400743716751e-18,-1.22464679914735e-16,0,-1,0.999862062189586,-0.0166089311512811,0.25,1
-0.999748032003337,0.022447104611832,1.22433822734675e-16,0.022447104611832,0.999748032003337,-2.74897748130059e-18,-1.22464679914735e-16,0,-1,0.999748032003337,-0.022447104611832,0.25,1
-0.99957621995575,0.0291098007374624,1.22412781827262e-16,0.0291098007374624,0.99957621995575,-3.56492242969506e-18,-1.22464679914735e-16,0,-1,0.99957621995575,-0.0291098007374624,0.25,1
-0.999330842124109,0.0365768776622456,1.22382731709652e-16,0.0365768776622456,0.999330842124109,-4.47937561518734e-18,-1.22464679914735e-16,0,-1,0.999330842124109,-0.0365768776622456,0.25,1
-0.998994723914583,0.044827910846112,1.22341569100709e-16,0.044827910846112,0.998994723914583,-5.4898357530154e-18,-1.22464679914735e-16,0,-1,0.998994723914583,-0.044827910846112,0.25,1
-0.998549460039387,0.0538421382845138,1.22287040002755e-16,0.0538421382845138,0.998549460039387,-6.59376023093789e-18,-1.22464679914735e-16,7.70371977754894e-34,-1,0.998549460039387,-0.0538421382845138,0.25,1
-0.997975572250475,0.0635984055722893,1.22216759018379e-16,0.0635984055722893,0.997975572250475,-7.78855838149793e-18,-1.22464679914735e-16,0,-1,0.997975572250475,-0.0635984055722893,0.25,1
-0.997252664975473,0.0740751118751591,1.22128228410338e-16,0.0740751118751591,0.997252664975473,-9.07158486543957e-18,-1.22464679914735e-16,0,-1,0.997252664975473,-0.0740751118751591,0.25,1
-0.996359578965894,0.0852501577881592,1.22018856918039e-16,0.0852501577881592,0.996359578965894,-1.04401332862076e-17,-1.22464679914735e-16,0,-1,0.996359578965894,-0.0852501577881592,0.25,1
-0.9952745430274,0.0971008959876256,1.21885978339135e-16,0.0971008959876256,0.9952745430274,-1.18914301465586e-17,-1.22464679914735e-16,0,-1,0.9952745430274,-0.0971008959876256,0.25,1
-0.993975323858264,0.109604085511717,1.21726869879448e-16,0.109604085511717,0.993975323858264,-1.34226292495398e-17,-1.22464679914735e-16,0,-1,0.993975323858264,-0.109604085511717,0.25,1
-0.99243937397624,0.122735850433556,1.21538770268781e-16,0.122735850433556,0.99243937397624,-1.50308066374083e-17,-1.22464679914735e-16,0,-1,0.99243937397624,-0.122735850433556,0.25,1
-0.990643977666802,0.136471643620557,1.21318897634425e-16,0.136471643620557,0.990643977666802,-1.67129561534293e-17,-1.22464679914735e-16,3.08148791101958e-33,-1,0.990643977666802,-0.136471643620557,0.25,1
-0.988566394838068,0.150786216203155,1.21064467118308e-16,0.150786216203155,0.988566394838068,-1.84659857028734e-17,-1.22464679914735e-16,0,-1,0.988566394838068,-0.150786216203155,0.25,1
-0.986184002620666,0.165653593305675,1.20772708217972e-16,0.165653593305675,0.986184002620666,-2.02867142809052e-17,-1.22464679914735e-16,0,-1,0.986184002620666,-0.165653593305675,0.25,1
-0.983474434505008,0.181047056521376,1.20440881825981e-16,0.181047056521376,0.983474434505008,-2.21718698263954e-17,-1.22464679914735e-16,0,-1,0.983474434505008,-0.181047056521377,0.25,1
-0.980415716764821,0.196939133542631,1.2006629693698e-16,0.196939133542631,0.980415716764821,-2.41180879519836e-17,-1.22464679914735e-16,0,-1,0.980415716764821,-0.196939133542631,0.25,1
-0.976986401874955,0.213301595285709,1.19646326986665e-16,0.213301595285709,0.976986401874955,-2.61219115919668e-17,-1.22464679914735e-16,6.16297582203915e-33,-1,0.976986401874955,-0.213301595285709,0.25,1
-0.973165698594152,0.230105460777783,1.19178425782333e-16,0.230105460777783,0.973165698594152,-2.81797916007838e-17,-1.22464679914735e-16,6.16297582203915e-33,-1,0.973165698594152,-0.230105460777783,0.25,1
-0.968933598350163,0.247321010001586,1.18660142980585e-16,0.247321010001586,0.968933598350163,-3.02880883260333e-17,-1.22464679914735e-16,0,-1,0.968933598350163,-0.247321010001586,0.25,1
-0.964270997535918,0.264917804820826,1.18089139064299e-16,0.264917804820826,0.964270997535918,-3.24430741710968e-17,-1.22464679914735e-16,0,-1,0.964270997535918,-0.264917804820826,0.25,1
-0.959159815301788,0.282864718037156,1.1746319976801e-16,0.282864718037156,0.959159815301788,-3.46409371535922e-17,-1.22464679914735e-16,0,-1,0.959159815301788,-0.282864718037156,0.25,1
-0.953583106410766,0.301129970557555,1.16780249898693e-16,0.301129970557555,0.953583106410766,-3.68777854570647e-17,-1.22464679914735e-16,0,-1,0.953583106410766,-0.301129970557555,0.25,1
-0.947525168710948,0.319681176579556,1.16038366497342e-16,0.319681176579556,0.947525168710948,-3.91496529645814e-17,-1.22464679914735e-16,6.16297582203915e-33,-1,0.947525168710948,-0.319681176579557,0.25,1
-0.940971644773248,0.338485396631418,1.15235791285998e-16,0.338485396631418,0.940971644773248,-4.14525057542789e-17,-1.22464679914735e-16,0,-1,0.940971644773248,-0.338485396631418,0.25,1
-0.933909617242032,0.357509198235292,1.14370942344838e-16,0.357509198235292,0.933909617242032,-4.37822495284587e-17,-1.22464679914735e-16,0,-1,0.933909617242032,-0.357509198235292,0.25,1
-0.926327697452408,0.37671872389426,1.13442424964663e-16,0.37671872389426,0.926327697452408,-4.61347379395981e-17,-1.22464679914735e-16,0,-1,0.926327697452408,-0.37671872389426,0.25,1
-0.918216106880274,0.396079766039157,1.12449041621647e-16,0.396079766039157,0.918216106880274,-4.85057817686886e-17,-1.22464679914735e-16,0,-1,0.918216106880274,-0.396079766039157,0.25,1
-0.909566751009859,0.415557848508928,1.11389801023508e-16,0.415557848508928,0.909566751009859,-5.0891158903702e-17,-1.22464679914735e-16,0,-1,0.909566751009859,-0.415557848508928,0.25,1
-0.900373285228302,0.435118314079279,1.10263926179263e-16,0.435118314079279,0.900373285228302,-5.32866250587582e-17,-1.22464679914735e-16,0,-1,0.900373285228302,-0.435118314079279,0.25,1
-0.890631172387537,0.454726417499139,1.09070861448525e-16,0.454726417499139,0.890631172387537,-5.56879251678064e-17,-1.22464679914735e-16,1.23259516440783e-32,-1,0.890631172387537,-0.454726417499139,0.25,1
-0.880337731710178,0.474347423443386,1.07810278530751e-16,0.474347423443386,0.880337731710178,-5.80908053803737e-17,-1.22464679914735e-16,1.23259516440783e-32,-1,0.880337731710178,-0.474347423443386,0.25,1
-0.86949217875787,0.493946708743861,1.06482081359948e-16,0.493946708743861,0.86949217875787,-6.04910255812539e-17,-1.22464679914735e-16,0,-1,0.86949217875787,-0.493946708743861,0.25,1
-0.858095656227235,0.513489868219375,1.05086409876093e-16,0.513489868219375,0.858095656227235,-6.28843723509454e-17,-1.22464679914735e-16,0,-1,0.858095656227235,-0.513489868219375,0.25,1
-0.846151255389712,0.532942823389539,1.03623642650753e-16,0.532942823389539,0.846151255389712,-6.52666722792552e-17,-1.22464679914735e-16,1.23259516440783e-32,-1,0.846151255389712,-0.532942823389539,0.25,1
-0.833664028046659,0.552271933327251,1.02094398351163e-16,0.552271933327251,0.833664028046659,-6.76338055408138e-17,-1.22464679914735e-16,0,-1,0.833664028046659,-0.552271933327251,0.25,1
-0.820640988929513,0.571444106880797,1.00499536034165e-16,0.571444106880797,0.820640988929513,-6.99817196383186e-17,-1.22464679914735e-16,1.23259516440783e-32,-1,0.820640988929512,-0.571444106880797,0.25,1
-0.807091108535987,0.590426915479089,9.88401542688886e-17,0.590426915479089,0.807091108535987,-7.23064432171911e-17,-1.22464679914735e-16,0,-1,0.807091108535987,-0.590426915479089,0.25,1
-0.79302529645651,0.609188705722672,9.71175890948345e-17,0.609188705722672,0.79302529645651,-7.4604099853999e-17,-1.22464679914735e-16,0,-1,0.79302529645651,-0.609188705722673,0.25,1
-0.77845637530973,0.627698710959037,9.53334108298912e-17,0.627698710959037,0.77845637530973,-7.68709217204903e-17,-1.22464679914735e-16,2.46519032881566e-32,-1,0.77845637530973,-0.627698710959037,0.25,1
-0.76339904547124,0.64592716104341,9.34894197508499e-17,0.64592716104341,0.76339904547124,-7.91032630254149e-17,-1.22464679914735e-16,0,-1,0.76339904547124,-0.64592716104341,0.25,1
-0.747869840844895,0.663845389495651,9.15876406769541e-17,0.663845389495651,0.747869840844895,-8.12976131374576e-17,-1.22464679914735e-16,0,-1,0.747869840844895,-0.663845389495651,0.25,1
-0.731887075990628,0.681425937279972,8.96303164949238e-17,0.681425937279972,0.731887075990628,-8.34506092945903e-17,-1.22464679914735e-16,0,-1,0.731887075990628,-0.681425937279972,0.25,1
-0.715470784985668,0.698642652456885,8.76199006716143e-17,0.698642652456885,0.715470784985668,-8.55590488079141e-17,-1.22464679914735e-16,2.46519032881566e-32,-1,0.715470784985668,-0.698642652456885,0.25,1
-0.698642652456885,0.715470784985668,8.55590488079141e-17,0.715470784985668,0.698642652456885,-8.76199006716143e-17,-1.22464679914735e-16,0,-1,0.698642652456885,-0.715470784985668,0.25,1
-0.681425937279972,0.731887075990628,8.34506092945903e-17,0.731887075990628,0.681425937279972,-8.96303164949238e-17,-1.22464679914735e-16,2.46519032881566e-32,-1,0.681425937279972,-0.731887075990628,0.25,1
-0.66384538949565,0.747869840844895,8.12976131374576e-17,0.747869840844895,0.66384538949565,-9.15876406769541e-17,-1.22464679914735e-16,0,-1,0.66384538949565,-0.747869840844895,0.25,1
-0.64592716104341,0.76339904547124,7.91032630254149e-17,0.76339904547124,0.64592716104341,-9.34894197508499e-17,-1.22464679914735e-16,2.46519032881566e-32,-1,0.64592716104341,-0.763399045471241,0.25,1
-0.627698710959036,0.778456375309731,7.68709217204903e-17,0.778456375309731,0.627698710959036,-9.53334108298912e-17,-1.22464679914735e-16,1.23259516440783e-32,-1,0.627698710959036,-0.778456375309731,0.25,1
-0.609188705722672,0.79302529645651,7.4604099853999e-17,0.79302529645651,0.609188705722672,-9.71175890948345e-17,-1.22464679914735e-16,0,-1,0.609188705722672,-0.79302529645651,0.25,1
-0.590426915479089,0.807091108535987,7.23064432171911e-17,0.807091108535987,0.590426915479089,-9.88401542688886e-17,-1.22464679914735e-16,0,-1,0.590426915479089,-0.807091108535987,0.25,1
-0.571444106880797,0.820640988929513,6.99817196383186e-17,0.820640988929513,0.571444106880797,-1.00499536034165e-16,-1.22464679914735e-16,0,-1,0.571444106880796,-0.820640988929513,0.25,1
-0.552271933327251,0.833664028046659,6.76338055408138e-17,0.833664028046659,0.552271933327251,-1.02094398351163e-16,-1.22464679914735e-16,0,-1,0.55227193332725,-0.833664028046659,0.25,1
-0.532942823389539,0.846151255389712,6.52666722792552e-17,0.846151255389712,0.532942823389539,-1.03623642650753e-16,-1.22464679914735e-16,0,-1,0.532942823389539,-0.846151255389713,0.25,1
-0.513489868219375,0.858095656227235,6.28843723509454e-17,0.858095656227235,0.513489868219375,-1.05086409876093e-16,-1.22464679914735e-16,0,-1,0.513489868219375,-0.858095656227235,0.25,1
-0.493946708743861,0.86949217875787,6.04910255812539e-17,0.86949217875787,0.493946708743861,-1.06482081359948e-16,-1.22464679914735e-16,0,-1,0.493946708743861,-0.86949217875787,0.25,1
-0.474347423443386,0.880337731710178,5.80908053803737e-17,0.880337731710178,0.474347423443386,-1.07810278530751e-16,-1.22464679914735e-16,2.46519032881566e-32,-1,0.474347423443386,-0.880337731710178,0.25,1
-0.454726417499139,0.890631172387537,5.56879251678064e-17,0.890631172387537,0.454726417499139,-1.09070861448525e-16,-1.22464679914735e-16,0,-1,0.454726417499139,-0.890631172387537,0.25,1
-0.435118314079279,0.900373285228302,5.32866250587582e-17,0.900373285228302,0.435118314079279,-1.10263926179263e-16,-1.22464679914735e-16,0,-1,0.435118314079279,-0.900373285228303,0.25,1
-0.415557848508928,0.909566751009859,5.0891158903702e-17,0.909566751009859,0.415557848508928,-1.11389801023508e-16,-1.22464679914735e-16,0,-1,0.415557848508928,-0.909566751009859,0.25,1
-0.396079766039157,0.918216106880274,4.85057817686886e-17,0.918216106880274,0.396079766039157,-1.12449041621647e-16,-1.22464679914735e-16,0,-1,0.396079766039157,-0.918216106880274,0.25,1
-0.37671872389426,0.926327697452408,4.61347379395981e-17,0.926327697452408,0.37671872389426,-1.13442424964663e-16,-1.22464679914735e-16,0,-1,0.37671872389426,-0.926327697452408,0.25,1
-0.357509198235292,0.933909617242032,4.37822495284587e-17,0.933909617242032,0.357509198235292,-1.14370942344838e-16,-1.22464679914735e-16,0,-1,0.357509198235292,-0.933909617242032,0.25,1
-0.338485396631418,0.940971644773248,4.14525057542788e-17,0.940971644773248,0.338485396631418,-1.15235791285998e-16,-1.22464679914735e-16,0,-1,0.338485396631418,-0.940971644773248,0.25,1
-0.319681176579556,0.947525168710948,3.91496529645814e-17,0.947525168710948,0.319681176579556,-1.16038366497342e-16,-1.22464679914735e-16,2.46519032881566e-32,-1,0.319681176579556,-0.947525168710948,0.25,1
-0.301129970557555,0.953583106410766,3.68777854570647e-17,0.953583106410766,0.301129970557555,-1.16780249898693e-16,-1.22464679914735e-16,0,-1,0.301129970557555,-0.953583106410766,0.25,1
-0.282864718037156,0.959159815301788,3.46409371535922e-17,0.959159815301788,0.282864718037156,-1.1746319976801e-16,-1.22464679914735e-16,2.46519032881566e-32,-1,0.282864718037156,-0.959159815301788,0.25,1
-0.264917804820826,0.964270997535918,3.24430741710968e-17,0.964270997535918,0.264917804820826,-1.18089139064299e-16,-1.22464679914735e-16,0,-1,0.264917804820825,-0.964270997535918,0.25,1
-0.247321010001586,0.968933598350163,3.02880883260333e-17,0.968933598350163,0.247321010001586,-1.18660142980585e-16,-1.22464679914735e-16,2.46519032881566e-32,-1,0.247321010001586,-0.968933598350163,0.25,1
-0.230105460777783,0.973165698594152,2.81797916007838e-17,0.973165698594152,0.230105460777783,-1.19178425782333e-16,-1.22464679914735e-16,2.46519032881566e-32,-1,0.230105460777782,-0.973165698594152,0.25,1
-0.213301595285709,0.976986401874955,2.61219115919667e-17,0.976986401874955,0.213301595285709,-1.19646326986665e-16,-1.22464679914735e-16,0,-1,0.213301595285708,-0.976986401874955,0.25,1
-0.196939133542631,0.980415716764821,2.41180879519837e-17,0.980415716764821,0.196939133542631,-1.2006629693698e-16,-1.22464679914735e-16,0,-1,0.196939133542631,-0.980415716764821,0.25,1
-0.181047056521377,0.983474434505008,2.21718698263954e-17,0.983474434505008,0.181047056521377,-1.20440881825981e-16,-1.22464679914735e-16,2.46519032881566e-32,-1,0.181047056521376,-0.983474434505008,0.25,1
-0.165653593305675,0.986184002620666,2.02867142809052e-17,0.986184002620666,0.165653593305675,-1.20772708217972e-16,-1.22464679914735e-16,2.46519032881566e-32,-1,0.165653593305675,-0.986184002620666,0.25,1
-0.150786216203155,0.988566394838068,1.84659857028734e-17,0.988566394838068,0.150786216203155,-1.21064467118308e-16,-1.22464679914735e-16,0,-1,0.150786216203154,-0.988566394838068,0.25,1
-0.136471643620557,0.990643977666802,1.67129561534294e-17,0.990643977666802,0.136471643620557,-1.21318897634425e-16,-1.22464679914735e-16,2.46519032881566e-32,-1,0.136471643620557,-0.990643977666802,0.25,1
-0.122735850433556,0.99243937397624,1.50308066374083e-17,0.99243937397624,0.122735850433556,-1.21538770268781e-16,-1.22464679914735e-16,0,-1,0.122735850433556,-0.99243937397624,0.25,1
-0.109604085511718,0.993975323858264,1.34226292495398e-17,0.993975323858264,0.109604085511718,-1.21726869879448e-16,-1.22464679914735e-16,0,-1,0.109604085511718,-0.993975323858264,0.25,1
-0.0971008959876251,0.9952745430274,1.18914301465585e-17,0.9952745430274,0.0971008959876251,-1.21885978339135e-16,-1.22464679914735e-16,0,-1,0.0971008959876247,-0.9952745430274,0.25,1
-0.085250157788159,0.996359578965894,1.04401332862076e-17,0.996359578965894,0.085250157788159,-1.22018856918039e-16,-1.22464679914735e-16,0,-1,0.0852501577881587,-0.996359578965894,0.25,1
-0.074075111875159,0.997252664975473,9.07158486543956e-18,0.997252664975473,0.074075111875159,-1.22128228410338e-16,-1.22464679914735e-16,0,-1,0.0740751118751587,-0.997252664975473,0.25,1
-0.0635984055722892,0.997975572250475,7.78855838149791e-18,0.997975572250475,0.0635984055722892,-1.22216759018379e-16,-1.22464679914735e-16,0,-1,0.063598405572289,-0.997975572250475,0.25,1
-0.0538421382845138,0.998549460039387,6.59376023093791e-18,0.998549460039387,0.0538421382845138,-1.22287040002755e-16,-1.22464679914735e-16,2.46519032881566e-32,-1,0.0538421382845136,-0.998549460039387,0.25,1
-0.0448279108461118,0.998994723914583,5.48983575301538e-18,0.998994723914583,0.0448279108461118,-1.22341569100709e-16,-1.22464679914735e-16,0,-1,0.0448279108461115,-0.998994723914583,0.25,1
-0.0365768776622455,0.999330842124109,4.47937561518732e-18,0.999330842124109,0.0365768776622455,-1.22382731709652e-16,-1.22464679914735e-16,0,-1,0.0365768776622452,-0.999330842124109,0.25,1
-0.0291098007374624,0.99957621995575,3.56492242969507e-18,0.99957621995575,0.0291098007374624,-1.22412781827262e-16,-1.22464679914735e-16,0,-1,0.0291098007374621,-0.99957621995575,0.25,1
-0.0224471046118317,0.999748032003337,2.74897748130058e-18,0.999748032003337,0.0224471046118317,-1.22433822734675e-16,-1.22464679914735e-16,2.46519032881566e-32,-1,0.0224471046118315,-0.999748032003337,0.25,1
-0.0166089311512815,0.999862062189586,2.03400743716757e-18,0.999862062189586,0.0166089311512815,-1.22447787404935e-16,-1.22464679914735e-16,0,-1,0.0166089311512811,-0.999862062189586,0.25,1
-0.0116151930627572,0.999932541369724,1.42245090057841e-18,0.999932541369724,0.0116151930627572,-1.22456418615171e-16,-1.22464679914735e-16,0,-1,0.0116151930627569,-0.999932541369724,0.25,1
-0.00748562492672811,0.999971982317233,9.16724660613546e-19,0.999971982317233,0.00748562492672811,-1.22461248738183e-16,-1.22464679914735e-16,2.46519032881566e-32,-1,0.00748562492672777,-0.999971982317233,0.25,1
-0.00423983045886989,0.999991011878447,5.19229480038257e-19,0.999991011878447,0.00423983045886989,-1.22463579187306e-16,-1.22464679914735e-16,0,-1,0.00423983045886955,-0.999991011878447,0.25,1
-0.00189732462928183,0.999998200078006,2.32355253419348e-19,0.999998200078006,0.00189732462928183,-1.22464459487864e-16,-1.22464679914735e-16,0,-1,0.0018973246292816,-0.999998200078006,0.25,1
-0.000477569181036475,0.999999885963832,5.84853568927743e-20,0.999999885963832,0.000477569181036475,-1.22464665949333e-16,-1.22464679914735e-16,0,-1,0.000477569181036142,-0.999999885963832,0.25,1
-1.11022302462516e-16,1,2.46519032881566e-32,1,1.11022302462516e-16,-1.22464679914735e-16,-1.22464679914735e-16,0,-1,-2.22044604925031e-16,-1,0.25,1
-6.12323399573677e-17,1,7.49879891330929e-33,1,6.12323399573677e-17,-1.22464679914735e-16,-1.22464679914735e-16,0,-1,0,-1,0.25,1
-6.12323399573677e-17,1,7.49879891330929e-33,1,6.12323399573677e-17,-1.22464679914735e-16,-1.22464679914735e-16,0,-1,5.69964948800895e-37,-1,0.249923992501281,1
-6.12323399573677e-17,1,7.49879891330929e-33,1,6.12323399573677e-17,-1.22464679914735e-16,-1.22464679914735e-16,0,-1,2.26440311862593e-36,-1,0.249698031225426,1
-6.12323399573677e-17,1,7.49879891330929e-33,1,6.12323399573677e-17,-1.22464679914735e-16,-1.22464679914735e-16,0,-1,5.06012949460863e-36,-1,0.249325208002894,1
-6.12323399573677e-17,1,7.49879891330929e-33,1,6.12323399573677e-17,-1.22464679914735e-16,-1.22464679914735e-16,0,-1,8.93395906188251e-36,-1,0.24880861466414,1
-6.12323399573677e-17,1,7.49879891330929e-33,1,6.12323399573677e-17,-1.22464679914735e-16,-1.22464679914735e-16,0,-1,1.38627068055811e-35,-1,0.24815134303962,1
-6.12323399573677e-17,1,7.49879891330929e-33,1,6.12323399573677e-17,-1.22464679914735e-16,-1.22464679914735e-16,0,-1,1.98231877108379e-35,-1,0.247356484959791,1
-6.12323399573677e-17,1,7.49879891330929e-33,1,6.12323399573677e-17,-1.22464679914735e-16,-1.22464679914735e-16,0,-1,2.67922167627865e-35,-1,0.246427132255109,1
-6.12323399573677e-17,1,7.49879891330929e-33,1,6.12323399573677e-17,-1.22464679914735e-16,-1.22464679914735e-16,0,-1,3.47466089465604e-35,-1,0.245366376756031,1
-6.12323399573677e-17,1,7.49879891330929e-33,1,6.12323399573677e-17,-1.22464679914735e-16,-1.22464679914735e-16,0,-1,4.3663179247293e-35,-1,0.244177310293013,1
-6.12323399573677e-17,1,7.49879891330929e-33,1,6.12323399573677e-17,-1.22464679914735e-16,-1.22464679914735e-16,0,-1,5.3518742650118e-35,-1,0.242863024696511,1
-6.12323399573677e-17,1,7.49879891330929e-33,1,6.12323399573677e-17,-1.22464679914735e-16,-1.22464679914735e-16,0,-1,6.42901141401688e-35,-1,0.241426611796982,1
-6.12323399573677e-17,1,7.49879891330929e-33,1,6.12323399573677e-17,-1.22464679914735e-16,-1.22464679914735e-16,0,-1,7.5954108702579e-35,-1,0.239871163424882,1
-6.12323399573677e-17,1,7.49879891330929e-33,1,6.12323399573677e-17,-1.22464679914735e-16,-1.22464679914735e-16,0,-1,8.84875413224821e-35,-1,0.238199771410668,1
-6.12323399573677e-17,1,7.49879891330929e-33,1,6.12323399573677e-17,-1.22464679914735e-16,-1.22464679914735e-16,0,-1,1.01867226985012e-34,-1,0.236415527584796,1
-6.12323399573677e-17,1,7.49879891330929e-33,1,6.12323399573677e-17,-1.22464679914735e-16,-1.22464679914735e-16,0,-1,1.16069980675301e-34,-1,0.234521523777722,1
-6.12323399573677e-17,1,7.49879891330929e-33,1,6.12323399573677e-17,-1.22464679914735e-16,-1.22464679914735e-16,0,-1,1.31072617378484e-34,-1,0.232520851819903,1
-6.12323399573677e-17,1,7.49879891330929e-33,1,6.12323399573677e-17,-1.22464679914735e-16,-1.22464679914735e-16,0,-1,1.46851952079694e-34,-1,0.230416603541795,1
-6.12323399573677e-17,1,7.49879891330929e-33,1,6.12323399573677e-17,-1.22464679914735e-16,-1.22464679914735e-16,0,-1,1.63384799764064e-34,-1,0.228211870773854,1
-6.12323399573677e-17,1,7.49879891330929e-33,1,6.12323399573677e-17,-1.22464679914735e-16,-1.22464679914735e-16,0,-1,1.80647975416729e-34,-1,0.225909745346538,1
-6.12323399573677e-17,1,7.49879891330929e-33,1,6.12323399573677e-17,-1.22464679914735e-16,-1.22464679914735e-16,0,-1,1.98618294022821e-34,-1,0.223513319090301,1
-6.12323399573677e-17,1,7.49879891330929e-33,1,6.12323399573677e-17,-1.22464679914735e-16,-1.22464679914735e-16,0,-1,2.17272570567474e-34,-1,0.221025683835601,1
-6.12323399573677e-17,1,7.49879891330929e-33,1,6.12323399573677e-17,-1.22464679914735e-16,-1.22464679914735e-16,0,-1,2.36587620035821e-34,-1,0.218449931412894,1
-6.12323399573677e-17,1,7.49879891330929e-33,1,6.12323399573677e-17,-1.22464679914735e-16,-1.22464679914735e-16,0,-1,2.56540257412997e-34,-1,0.215789153652637,1
-6.12323399573677e-17,1,7.49879891330929e-33,1,6.12323399573677e-17,-1.22464679914735e-16,-1.22464679914735e-16,0,-1,2.77107297684134e-34,-1,0.213046442385285,1
-6.12323399573677e-17,1,7.49879891330929e-33,1,6.12323399573677e-17,-1.22464679914735e-16,-1.22464679914735e-16,0,-1,2.98265555834367e-34,-1,0.210224889441296,1
-6.12323399573677e-17,1,7.49879891330929e-33,1,6.12323399573677e-17,-1.22464679914735e-16,-1.22464679914735e-16,0,-1,3.19991846848828e-34,-1,0.207327586651125,1
-6.12323399573677e-17,1,7.49879891330929e-33,1,6.12323399573677e-17,-1.22464679914735e-16,-1.22464679914735e-16,0,-1,3.42262985712652e-34,-1,0.204357625845229,1
-6.12323399573677e-17,1,7.49879891330929e-33,1,6.12323399573677e-17,-1.22464679914735e-16,-1.22464679914735e-16,0,-1,3.65055787410971e-34,-1,0.201318098854065,1
-6.12323399573677e-17,1,7.49879891330929e-33,1,6.12323399573677e-17,-1.22464679914735e-16,-1.22464679914735e-16,0,-1,3.88347066928919e-34,-1,0.198212097508088,1
-6.12323399573677e-17,1,7.49879891330929e-33,1,6.12323399573677e-17,-1.22464679914735e-16,-1.22464679914735e-16,0,-1,4.1211363925163e-34,-1,0.195042713637755,1
-6.12323399573677e-17,1,7.49879891330929e-33,1,6.12323399573677e-17,-1.22464679914735e-16,-1.22464679914735e-16,0,-1,4.36332319364238e-34,-1,0.191813039073523,1
-6.12323399573677e-17,1,7.49879891330929e-33,1,6.12323399573677e-17,-1.22464679914735e-16,-1.22464679914735e-16,0,-1,4.60979922251875e-34,-1,0.188526165645847,1
-6.12323399573677e-17,1,7.49879891330929e-33,1,6.12323399573677e-17,-1.22464679914735e-16,-1.22464679914735e-16,0,-1,4.86033262899676e-34,-1,0.185185185185185,1
-6.12323399573677e-17,1,7.49879891330929e-33,1,6.12323399573677e-17,-1.22464679914735e-16,-1.22464679914735e-16,0,-1,5.11469156292774e-34,-1,0.181793189521993,1
-6.12323399573677e-17,1,7.49879891330929e-33,1,6.12323399573677e-17,-1.22464679914735e-16,-1.22464679914735e-16,0,-1,5.37264417416302e-34,-1,0.178353270486726,1
-6.12323399573677e-17,1,7.49879891330929e-33,1,6.12323399573677e-17,-1.22464679914735e-16,-1.22464679914735e-16,0,-1,5.63395861255393e-34,-1,0.174868519909842,1
-6.12323399573677e-17,1,7.49879891330929e-33,1,6.12323399573677e-17,-1.22464679914735e-16,-1.22464679914735e-16,0,-1,5.89840302795183e-34,-1,0.171342029621797,1
-6.12323399573677e-17,1,7.49879891330929e-33,1,6.12323399573677e-17,-1.22464679914735e-16,-1.22464679914735e-16,0,-1,6.16574557020803e-34,-1,0.167776891453047,1
-6.12323399573677e-17,1,7.49879891330929e-33,1,6.12323399573677e-17,-1.22464679914735e-16,-1.22464679914735e-16,0,-1,6.43575438917388e-34,-1,0.164176197234048,1
-6.12323399573677e-17,1,7.49879891330929e-33,1,6.12323399573677e-17,-1.22464679914735e-16,-1.22464679914735e-16,0,-1,6.70819763470071e-34,-1,0.160543038795258,1
-6.12323399573677e-17,1,7.49879891330929e-33,1,6.12323399573677e-17,-1.22464679914735e-16,-1.22464679914735e-16,0,-1,6.98284345663985e-34,-1,0.156880507967132,1
-6.12323399573677e-17,1,7.49879891330929e-33,1,6.12323399573677e-17,-1.22464679914735e-16,-1.22464679914735e-16,0,-1,7.25946000484265e-34,-1,0.153191696580126,1
-6.12323399573677e-17,1,7.49879891330929e-33,1,6.12323399573677e-17,-1.22464679914735e-16,-1.22464679914735e-16,0,-1,7.53781542916043e-34,-1,0.149479696464698,1
-6.12323399573677e-17,1,7.49879891330929e-33,1,6.12323399573677e-17,-1.22464679914735e-16,-1.22464679914735e-16,0,-1,7.81767787944453e-34,-1,0.145747599451303,1
-6.12323399573677e-17,1,7.49879891330929e-33,1,6.12323399573677e-17,-1.22464679914735e-16,-1.22464679914735e-16,0,-1,8.09881550554628e-34,-1,0.141998497370398,1
-6.12323399573677e-17,1,7.49879891330929e-33,1,6.12323399573677e-17,-1.22464679914735e-16,-1.22464679914735e-16,0,-1,8.38099645731703e-34,-1,0.138235482052439,1
-6.12323399573677e-17,1,7.49879891330929e-33,1,6.12323399573677e-17,-1.22464679914735e-16,-1.22464679914735e-16,0,-1,8.66398888460811e-34,-1,0.134461645327883,1
-6.12323399573677e-17,1,7.49879891330929e-33,1,6.12323399573677e-17,-1.22464679914735e-16,-1.22464679914735e-16,0,-1,8.94756093727084e-34,-1,0.130680079027186,1
-6.12323399573677e-17,1,7.49879891330929e-33,1,6.12323399573677e-17,-1.22464679914735e-16,-1.22464679914735e-16,0,-1,9.23148076515658e-34,-1,0.126893874980805,1
-6.12323399573677e-17,1,7.49879891330929e-33,1,6.12323399573677e-17,-1.22464679914735e-16,-1.22464679914735e-16,0,-1,9.51551651811664e-34,-1,0.123106125019195,1
-6.12323399573677e-17,1,7.49879891330929e-33,1,6.12323399573677e-17,-1.22464679914735e-16,-1.22464679914735e-16,0,-1,9.79943634600238e-34,-1,0.119319920972813,1
-6.12323399573677e-17,1,7.49879891330929e-33,1,6.12323399573677e-17,-1.22464679914735e-16,-1.22464679914735e-16,0,-1,1.00830083986651e-33,-1,0.115538354672116,1
-6.12323399573677e-17,1,7.49879891330929e-33,1,6.12323399573677e-17,-1.22464679914735e-16,-1.22464679914735e-16,0,-1,1.03660008259562e-33,-1,0.111764517947561,1
-6.12323399573677e-17,1,7.49879891330929e-33,1,6.12323399573677e-17,-1.22464679914735e-16,-1.22464679914735e-16,0,-1,1.06481817777269e-33,-1,0.108001502629602,1
-6.12323399573677e-17,1,7.49879891330929e-33,1,6.12323399573677e-17,-1.22464679914735e-16,-1.22464679914735e-16,0,-1,1.09293194038287e-33,-1,0.104252400548697,1
-6.12323399573677e-17,1,7.49879891330929e-33,1,6.12323399573677e-17,-1.22464679914735e-16,-1.22464679914735e-16,0,-1,1.12091818541128e-33,-1,0.100520303535302,1
-6.12323399573677e-17,1,7.49879891330929e-33,1,6.12323399573677e-17,-1.22464679914735e-16,-1.22464679914735e-16,0,-1,1.14875372784306e-33,-1,0.0968083034198736,1
-6.12323399573677e-17,1,7.49879891330929e-33,1,6.12323399573677e-17,-1.22464679914735e-16,-1.22464679914735e-16,0,-1,1.17641538266334e-33,-1,0.0931194920328682,1
-6.12323399573677e-17,1,7.49879891330929e-33,1,6.12323399573677e-17,-1.22464679914735e-16,-1.22464679914735e-16,0,-1,1.20387996485725e-33,-1,0.089456961204742,1
-6.12323399573677e-17,1,7.49879891330929e-33,1,6.12323399573677e-17,-1.22464679914735e-16,-1.22464679914735e-16,0,-1,1.23112428940993e-33,-1,0.0858238027659515,1
-6.12323399573677e-17,1,7.49879891330929e-33,1,6.12323399573677e-17,-1.22464679914735e-16,-1.22464679914735e-16,0,-1,1.25812517130652e-33,-1,0.0822231085469531,1
-6.12323399573677e-17,1,7.49879891330929e-33,1,6.12323399573677e-17,-1.22464679914735e-16,-1.22464679914735e-16,0,-1,1.28485942553214e-33,-1,0.078657970378203,1
-6.12323399573677e-17,1,7.49879891330929e-33,1,6.12323399573677e-17,-1.22464679914735e-16,-1.22464679914735e-16,0,-1,1.31130386707193e-33,-1,0.0751314800901577,1
-6.12323399573677e-17,1,7.49879891330929e-33,1,6.12323399573677e-17,-1.22464679914735e-16,-1.22464679914735e-16,0,-1,1.33743531091102e-33,-1,0.0716467295132737,1
-6.12323399573677e-17,1,7.49879891330929e-33,1,6.12323399573677e-17,-1.22464679914735e-16,-1.22464679914735e-16,0,-1,1.36323057203455e-33,-1,0.0682068104780073,1
-6.12323399573677e-17,1,7.49879891330929e-33,1,6.12323399573677e-17,-1.22464679914735e-16,-1.22464679914735e-16,0,-1,1.38866646542765e-33,-1,0.0648148148148148,1
-6.12323399573677e-17,1,7.49879891330929e-33,1,6.12323399573677e-17,-1.22464679914735e-16,-1.22464679914735e-16,0,-1,1.41371980607545e-33,-1,0.0614738343541527,1
-6.12323399573677e-17,1,7.49879891330929e-33,1,6.12323399573677e-17,-1.22464679914735e-16,-1.22464679914735e-16,0,-1,1.43836740896308e-33,-1,0.0581869609264773,1
-6.12323399573677e-17,1,7.49879891330929e-33,1,6.12323399573677e-17,-1.22464679914735e-16,-1.22464679914735e-16,0,-1,1.46258608907569e-33,-1,0.054957286362245,1
-6.12323399573677e-17,1,7.49879891330929e-33,1,6.12323399573677e-17,-1.22464679914735e-16,-1.22464679914735e-16,0,-1,1.4863526613984e-33,-1,0.0517879024919123,1
-6.12323399573677e-17,1,7.49879891330929e-33,1,6.12323399573677e-17,-1.22464679914735e-16,-1.22464679914735e-16,0,-1,1.50964394091635e-33,-1,0.0486819011459355,1
-6.12323399573677e-17,1,7.49879891330929e-33,1,6.12323399573677e-17,-1.22464679914735e-16,-1.22464679914735e-16,0,-1,1.53243674261467e-33,-1,0.0456423741547708,1
-6.12323399573677e-17,1,7.49879891330929e-33,1,6.12323399573677e-17,-1.22464679914735e-16,-1.22464679914735e-16,0,-1,1.55470788147849e-33,-1,0.0426724133488749,1
-6.12323399573677e-17,1,7.49879891330929e-33,1,6.12323399573677e-17,-1.22464679914735e-16,-1.22464679914735e-16,0,-1,1.57643417249296e-33,-1,0.0397751105587041,1
-6.12323399573677e-17,1,7.49879891330929e-33,1,6.12323399573677e-17,-1.22464679914735e-16,-1.22464679914735e-16,0,-1,1.59759243064319e-33,-1,0.0369535576147146,1
-6.12323399573677e-17,1,7.49879891330929e-33,1,6.12323399573677e-17,-1.22464679914735e-16,-1.22464679914735e-16,0,-1,1.61815947091433e-33,-1,0.034210846347363,1
-6.12323399573677e-17,1,7.49879891330929e-33,1,6.12323399573677e-17,-1.22464679914735e-16,-1.22464679914735e-16,0,-1,1.6381121082915e-33,-1,0.0315500685871056,1
-6.12323399573677e-17,1,7.49879891330929e-33,1,6.12323399573677e-17,-1.22464679914735e-16,-1.22464679914735e-16,0,-1,1.65742715775985e-33,-1,0.0289743161643988,1
-6.12323399573677e-17,1,7.49879891330929e-33,1,6.12323399573677e-17,-1.22464679914735e-16,-1.22464679914735e-16,0,-1,1.6760814343045e-33,-1,0.026486680909699,1
-6.12323399573677e-17,1,7.49879891330929e-33,1,6.12323399573677e-17,-1.22464679914735e-16,-1.22464679914735e-16,0,-1,1.69405175291059e-33,-1,0.0240902546534625,1
-6.12323399573677e-17,1,7.49879891330929e-33,1,6.12323399573677e-17,-1.22464679914735e-16,-1.22464679914735e-16,0,-1,1.71131492856326e-33,-1,0.0217881292261458,1
-6.12323399573677e-17,1,7.49879891330929e-33,1,6.12323399573677e-17,-1.22464679914735e-16,-1.22464679914735e-16,0,-1,1.72784777624763e-33,-1,0.0195833964582051,1
-6.12323399573677e-17,1,7.49879891330929e-33,1,6.12323399573677e-17,-1.22464679914735e-16,-1.22464679914735e-16,0,-1,1.74362711094884e-33,-1,0.0174791481800971,1
-6.12323399573677e-17,1,7.49879891330929e-33,1,6.12323399573677e-17,-1.22464679914735e-16,-1.22464679914735e-16,0,-1,1.75862974765202e-33,-1,0.0154784762222778,1
-6.12323399573677e-17,1,7.49879891330929e-33,1,6.12323399573677e-17,-1.22464679914735e-16,-1.22464679914735e-16,0,-1,1.77283250134231e-33,-1,0.0135844724152039,1
-6.12323399573677e-17,1,7.49879891330929e-33,1,6.12323399573677e-17,-1.22464679914735e-16,-1.22464679914735e-16,0,-1,1.78621218700484e-33,-1,0.0118002285893317,1
-6.12323399573677e-17,1,7.49879891330929e-33,1,6.12323399573677e-17,-1.22464679914735e-16,-1.22464679914735e-16,0,-1,1.79874561962474e-33,-1,0.0101288365751175,1
-6.12323399573677e-17,1,7.49879891330929e-33,1,6.12323399573677e-17,-1.22464679914735e-16,-1.22464679914735e-16,0,-1,1.81040961418715e-33,-1,0.00857338820301784,1
-6.12323399573677e-17,1,7.49879891330929e-33,1,6.12323399573677e-17,-1.22464679914735e-16,-1.22464679914735e-16,0,-1,1.8211809856772e-33,-1,0.00713697530348889,1
-6.12323399573677e-17,1,7.49879891330929e-33,1,6.12323399573677e-17,-1.22464679914735e-16,-1.22464679914735e-16,0,-1,1.83103654908003e-33,-1,0.00582268970698718,1
-6.12323399573677e-17,1,7.49879891330929e-33,1,6.12323399573677e-17,-1.22464679914735e-16,-1.22464679914735e-16,0,-1,1.83995311938076e-33,-1,0.0046336232439691,1
-6.12323399573677e-17,1,7.49879891330929e-33,1,6.12323399573677e-17,-1.22464679914735e-16,-1.22464679914735e-16,0,-1,1.84790751156454e-33,-1,0.00357286774489096,1
-6.12323399573677e-17,1,7.49879891330929e-33,1,6.12323399573677e-17,-1.22464679914735e-16,-1.22464679914735e-16,0,-1,1.85487654061648e-33,-1,0.00264351504020932,1
-6.12323399573677e-17,1,7.49879891330929e-33,1,6.12323399573677e-17,-1.22464679914735e-16,-1.22464679914735e-16,0,-1,1.86083702152174e-33,-1,0.00184865696038022,1
-6.12323399573677e-17,1,7.49879891330929e-33,1,6.12323399573677e-17,-1.22464679914735e-16,-1.22464679914735e-16,0,-1,1.86576576926544e-33,-1,0.00119138533586027,1
-6.12323399573677e-17,1,7.49879891330929e-33,1,6.12323399573677e-17,-1.22464679914735e-16,-1.22464679914735e-16,0,-1,1.86963959883271e-33,-1,0.000674791997106072,1
-6.12323399573677e-17,1,7.49879891330929e-33,1,6.12323399573677e-17,-1.22464679914735e-16,-1.22464679914735e-16,0,-1,1.8724353252087e-33,-1,0.000301968774573613,1
-6.12323399573677e-17,1,7.49879891330929e-33,1,6.12323399573677e-17,-1.22464679914735e-16,-1.22464679914735e-16,0,-1,1.87412976337852e-33,-1,7.60074987194992e-05,1
-6.12323399573677e-17,1,7.49879891330929e-33,1,6.12323399573677e-17,-1.22464679914735e-16,-1.22464679914735e-16,0,-1,1.87469972832732e-33,-1,0,1
-6.12323399573677e-17,1,7.49879891330929e-33,1,6.12323399573677e-17,-1.22464679914735e-16,-1.22464679914735e-16,0,-1,0,-1,0,0
-6.12323399573677e-17,1,7.49879891330929e-33,1,6.12323399573677e-17,-1.22464679914735e-16,-1.22464679914735e-16,0,-1,0,-1,0,0
-6.12323399573677e-17,1,7.49879891330929e-33,1,6.12323399573677e-17,-1.22464679914735e-16,-1.22464679914735e-16,0,-1,0,-1,0,0
-6.12323399573677e-17,1,7.49879891330929e-33,1,6.12323399573677e-17,-1.22464679914735e-16,-1.22464679914735e-16,0,-1,0,-1,0,0
-6.12323399573677e-17,1,7.49879891330929e-33,1,6.12323399573677e-17,-1.22464679914735e-16,-1.22464679914735e-16,0,-1,0,-1,0,0
-6.12323399573677e-17,1,7.49879891330929e-33,1,6.12323399573677e-17,-1.22464679914735e-16,-1.22464679914735e-16,0,-1,0,-1,0,0
-6.12323399573677e-17,1,7.49879891330929e-33,1,6.12323399573677e-17,-1.22464679914735e-16,-1.22464679914735e-16,0,-1,0,-1,0,0
-6.12323399573677e-17,1,7.49879891330929e-33,1,6.12323399573677e-17,-1.22464679914735e-16,-1.22464679914735e-16,0,-1,0,-1,0,0
-6.12323399573677e-17,1,7.49879891330929e-33,1,6.12323399573677e-17,-1.22464679914735e-16,-1.22464679914735e-16,0,-1,0,-1,0,0
-6.12323399573677e-17,1,7.49879891330929e-33,1,6.12323399573677e-17,-1.22464679914735e-16,-1.22464679914735e-16,0,-1,0,-1,0,0
-6.12323399573677e-17,1,7.49879891330929e-33,1,6.12323399573677e-17,-1.22464679914735e-16,-1.22464679914735e-16,0,-1,0,-1,0,0
-6.12323399573677e-17,1,7.49879891330929e-33,1,6.12323399573677e-17,-1.22464679914735e-16,-1.22464679914735e-16,0,-1,0,-1,0,0
-6.12323399573677e-17,1,7.49879891330929e-33,1,6.12323399573677e-17,-1.22464679914735e-16,-1.22464679914735e-16,0,-1,0,-1,0,0
-6.12323399573677e-17,1,7.49879891330929e-33,1,6.12323399573677e-17,-1.22464679914735e-16,-1.22464679914735e-16,0,-1,0,-1,0,0
-6.12323399573677e-17,1,7.49879891330929e-33,1,6.12323399573677e-17,-1.22464679914735e-16,-1.22464679914735e-16,0,-1,0,-1,0,0
-6.12323399573677e-17,1,7.49879891330929e-33,1,6.12323399573677e-17,-1.22464679914735e-16,-1.22464679914735e-16,0,-1,0,-1,0,0
-6.12323399573677e-17,1,7.49879891330929e-33,1,6.12323399573677e-17,-1.22464679914735e-16,-1.22464679914735e-16,0,-1,0,-1,0,0
-6.12323399573677e-17,1,7.49879891330929e-33,1,6.12323399573677e-17,-1.22464679914735e-16,-1.22464679914735e-16,0,-1,0,-1,0,0
-6.12323399573677e-17,1,7.49879891330929e-33,1,6.12323399573677e-17,-1.22464679914735e-16,-1.22464679914735e-16,0,-1,0,-1,0,0
-6.12323399573677e-17,1,7.49879891330929e-33,1,6.12323399573677e-17,-1.22464679914735e-16,-1.22464679914735e-16,0,-1,0,-1,0,0
-6.12323399573677e-17,1,7.49879891330929e-33,1,6.12323399573677e-17,-1.22464679914735e-16,-1.22464679914735e-16,0,-1,0,-1,0,0
-6.12323399573677e-17,1,7.49879891330929e-33,1,6.12323399573677e-17,-1.22464679914735e-16,-1.22464679914735e-16,0,-1,0,-1,0,0
-6.12323399573677e-17,1,7.49879891330929e-33,1,6.12323399573677e-17,-1.22464679914735e-16,-1.22464679914735e-16,0,-1,0,-1,0,0
-6.12323399573677e-17,1,7.49879891330929e-33,1,6.12323399573677e-17,-1.22464679914735e-16,-1.22464679914735e-16,0,-1,0,-1,0,0
-6.12323399573677e-17,1,7.49879891330929e-33,1,6.12323399573677e-17,-1.22464679914735e-16,-1.22464679914735e-16,0,-1,0,-1,0,0
-6.12323399573677e-17,1,7.49879891330929e-33,1,6.12323399573677e-17,-1.22464679914735e-16,-1.22464679914735e-16,0,-1,0,-1,0,0
-6.12323399573677e-17,1,7.49879891330929e-33,1,6.12323399573677e-17,-1.22464679914735e-16,-1.22464679914735e-16,0,-1,0,-1,0,0
-6.12323399573677e-17,1,7.49879891330929e-33,1,6.12323399573677e-17,-1.22464679914735e-16,-1.22464679914735e-16,0,-1,0,-1,0,0
-6.12323399573677e-17,1,7.49879891330929e-33,1,6.12323399573677e-17,-1.22464679914735e-16,-1.22464679914735e-16,0,-1,0,-1,0,0
-6.12323399573677e-17,1,7.49879891330929e-33,1,6.12323399573677e-17,-1.22464679914735e-16,-1.22464679914735e-16,0,-1,0,-1,0,0
-6.12323399573677e-17,1,7.49879891330929e-33,1,6.12323399573677e-17,-1.22464679914735e-16,-1.22464679914735e-16,0,-1,0,-1,0,0
-6.12323399573677e-17,1,7.49879891330929e-33,1,6.12323399573677e-17,-1.22464679914735e-16,-1.22464679914735e-16,0,-1,0,-1,0,0
-6.12323399573677e-17,1,7.49879891330929e-33,1,6.12323399573677e-17,-1.22464679914735e-16,-1.22464679914735e-16,0,-1,0,-1,0,0
-6.12323399573677e-17,1,7.49879891330929e-33,1,6.12323399573677e-17,-1.22464679914735e-16,-1.22464679914735e-16,0,-1,0,-1,0,0
-6.12323399573677e-17,1,7.49879891330929e-33,1,6.12323399573677e-17,-1.22464679914735e-16,-1.22464679914735e-16,0,-1,0,-1,0,0
-6.12323399573677e-17,1,7.49879891330929e-33,1,6.12323399573677e-17,-1.22464679914735e-16,-1.22464679914735e-16,0,-1,0,-1,0,0
-6.12323399573677e-17,1,7.49879891330929e-33,1,6.12323399573677e-17,-1.22464679914735e-16,-1.22464679914735e-16,0,-1,0,-1,0,0
-6.12323399573677e-17,1,7.49879891330929e-33,1,6.12323399573677e-17,-1.22464679914735e-16,-1.22464679914735e-16,0,-1,0,-1,0,0
-6.12323399573677e-17,1,7.49879891330929e-33,1,6.12323399573677e-17,-1.22464679914735e-16,-1.22464679914735e-16,0,-1,0,-1,0,0
-6.12323399573677e-17,1,7.49879891330929e-33,1,6.12323399573677e-17,-1.22464679914735e-16,-1.22464679914735e-16,0,-1,0,-1,0,0
-6.12323399573677e-17,1,7.49879891330929e-33,1,6.12323399573677e-17,-1.22464679914735e-16,-1.22464679914735e-16,0,-1,0,-1,0,0
-6.12323399573677e-17,1,7.49879891330929e-33,1,6.12323399573677e-17,-1.22464679914735e-16,-1.22464679914735e-16,0,-1,0,-1,0,0
-6.12323399573677e-17,1,7.49879891330929e-33,1,6.12323399573677e-17,-1.22464679914735e-16,-1.22464679914735e-16,0,-1,0,-1,0,0
-6.12323399573677e-17,1,7.49879891330929e-33,1,6.12323399573677e-17,-1.22464679914735e-16,-1.22464679914735e-16,0,-1,0,-1,0,0
-6.12323399573677e-17,1,7.49879891330929e-33,1,6.12323399573677e-17,-1.22464679914735e-16,-1.22464679914735e-16,0,-1,0,-1,0,0
-6.12323399573677e-17,1,7.49879891330929e-33,1,6.12323399573677e-17,-1.22464679914735e-16,-1.22464679914735e-16,0,-1,0,-1,0,0
-6.12323399573677e-17,1,7.49879891330929e-33,1,6.12323399573677e-17,-1.22464679914735e-16,-1.22464679914735e-16,0,-1,0,-1,0,0
-6.12323399573677e-17,1,7.49879891330929e-33,1,6.12323399573677e-17,-1.22464679914735e-16,-1.22464679914735e-16,0,-1,0,-1,0,0
-6.12323399573677e-17,1,7.49879891330929e-33,1,6.12323399573677e-17,-1.22464679914735e-16,-1.22464679914735e-16,0,-1,0,-1,0,0
-6.12323399573677e-17,1,7.49879891330929e-33,1,6.12323399573677e-17,-1.22464679914735e-16,-1.22464679914735e-16,0,-1,0,-1,0,0
-6.12323399573677e-17,1,7.49879891330929e-33,1,6.12323399573677e-17,-1.22464679914735e-16,-1.22464679914735e-16,0,-1,0,-1,0,0
-6.12323399573677e-17,1,7.49879891330929e-33,1,6.12323399573677e-17,-1.22464679914735e-16,-1.22464679914735e-16,0,-1,0,-1,0,0
-6.12323399573677e-17,1,7.49879891330929e-33,1,6.12323399573677e-17,-1.22464679914735e-16,-1.22464679914735e-16,0,-1,0,-1,0,0
-6.12323399573677e-17,1,7.49879891330929e-33,1,6.12323399573677e-17,-1.22464679914735e-16,-1.22464679914735e-16,0,-1,0,-1,0,0
-6.12323399573677e-17,1,7.49879891330929e-33,1,6.12323399573677e-17,-1.22464679914735e-16,-1.22464679914735e-16,0,-1,0,-1,0,0
-6.12323399573677e-17,1,7.49879891330929e-33,1,6.12323399573677e-17,-1.22464679914735e-16,-1.22464679914735e-16,0,-1,0,-1,0,0
-6.12323399573677e-17,1,7.49879891330929e-33,1,6.12323399573677e-17,-1.22464679914735e-16,-1.22464679914735e-16,0,-1,0,-1,0,0
-6.12323399573677e-17,1,7.49879891330929e-33,1,6.12323399573677e-17,-1.22464679914735e-16,-1.22464679914735e-16,0,-1,0,-1,0,0
-6.12323399573677e-17,1,7.49879891330929e-33,1,6.12323399573677e-17,-1.22464679914735e-16,-1.22464679914735e-16,0,-1,0,-1,0,0
-6.12323399573677e-17,1,7.49879891330929e-33,1,6.12323399573677e-17,-1.22464679914735e-16,-1.22464679914735e-16,0,-1,0,-1,0,0
-6.12323399573677e-17,1,7.49879891330929e-33,1,6.12323399573677e-17,-1.22464679914735e-16,-1.22464679914735e-16,0,-1,0,-1,0,0
-6.12323399573677e-17,1,7.49879891330929e-33,1,6.12323399573677e-17,-1.22464679914735e-16,-1.22464679914735e-16,0,-1,0,-1,0,0
-6.12323399573677e-17,1,7.49879891330929e-33,1,6.12323399573677e-17,-1.22464679914735e-16,-1.22464679914735e-16,0,-1,0,-1,0,0
-6.12323399573677e-17,1,7.49879891330929e-33,1,6.12323399573677e-17,-1.22464679914735e-16,-1.22464679914735e-16,0,-1,0,-1,0,0
-6.12323399573677e-17,1,7.49879891330929e-33,1,6.12323399573677e-17,-1.22464679914735e-16,-1.22464679914735e-16,0,-1,0,-1,0,0
-6.12323399573677e-17,1,7.49879891330929e-33,1,6.12323399573677e-17,-1.22464679914735e-16,-1.22464679914735e-16,0,-1,0,-1,0,0
-6.12323399573677e-17,1,7.49879891330929e-33,1,6.12323399573677e-17,-1.22464679914735e-16,-1.22464679914735e-16,0,-1,0,-1,0,0
-6.12323399573677e-17,1,7.49879891330929e-33,1,6.12323399573677e-17,-1.22464679914735e-16,-1.22464679914735e-16,0,-1,0,-1,0,0
-6.12323399573677e-17,1,7.49879891330929e-33,1,6.12323399573677e-17,-1.22464679914735e-16,-1.22464679914735e-16,0,-1,0,-1,0,0
-6.12323399573677e-17,1,7.49879891330929e-33,1,6.12323399573677e-17,-1.22464679914735e-16,-1.22464679914735e-16,0,-1,0,-1,0,0
-6.12323399573677e-17,1,7.49879891330929e-33,1,6.12323399573677e-17,-1.22464679914735e-16,-1.22464679914735e-16,0,-1,0,-1,0,0
-6.12323399573677e-17,1,7.49879891330929e-33,1,6.12323399573677e-17,-1.22464679914735e-16,-1.22464679914735e-16,0,-1,0,-1,0,0
-6.12323399573677e-17,1,7.49879891330929e-33,1,6.12323399573677e-17,-1.22464679914735e-16,-1.22464679914735e-16,0,-1,0,-1,0,0
-6.12323399573677e-17,1,7.49879891330929e-33,1,6.12323399573677e-17,-1.22464679914735e-16,-1.22464679914735e-16,0,-1,0,-1,0,0
-6.12323399573677e-17,1,7.49879891330929e-33,1,6.12323399573677e-17,-1.22464679914735e-16,-1.22464679914735e-16,0,-1,0,-1,0,0
-6.12323399573677e-17,1,7.49879891330929e-33,1,6.12323399573677e-17,-1.22464679914735e-16,-1.22464679914735e-16,0,-1,0,-1,0,0
-6.12323399573677e-17,1,7.49879891330929e-33,1,6.12323399573677e-17,-1.22464679914735e-16,-1.22464679914735e-16,0,-1,0,-1,0,0
-6.12323399573677e-17,1,7.49879891330929e-33,1,6.12323399573677e-17,-1.22464679914735e-16,-1.22464679914735e-16,0,-1,0,-1,0,0
-6.12323399573677e-17,1,7.49879891330929e-33,1,6.12323399573677e-17,-1.22464679914735e-16,-1.22464679914735e-16,0,-1,0,-1,0,0
-6.12323399573677e-17,1,7.49879891330929e-33,1,6.12323399573677e-17,-1.22464679914735e-16,-1.22464679914735e-16,0,-1,0,-1,0,0
-6.12323399573677e-17,1,7.49879891330929e-33,1,6.12323399573677e-17,-1.22464679914735e-16,-1.22464679914735e-16,0,-1,0,-1,0,0
-6.12323399573677e-17,1,7.49879891330929e-33,1,6.12323399573677e-17,-1.22464679914735e-16,-1.22464679914735e-16,0,-1,0,-1,0,0
-6.12323399573677e-17,1,7.49879891330929e-33,1,6.12323399573677e-17,-1.22464679914735e-16,-1.22464679914735e-16,0,-1,0,-1,0,0
-6.12323399573677e-17,1,7.49879891330929e-33,1,6.12323399573677e-17,-1.22464679914735e-16,-1.22464679914735e-16,0,-1,0,-1,0,0
-6.12323399573677e-17,1,7.49879891330929e-33,1,6.12323399573677e-17,-1.22464679914735e-16,-1.22464679914735e-16,0,-1,0,-1,0,0
-6.12323399573677e-17,1,7.49879891330929e-33,1,6.12323399573677e-17,-1.22464679914735e-16,-1.22464679914735e-16,0,-1,0,-1,0,0
-6.12323399573677e-17,1,7.49879891330929e-33,1,6.12323399573677e-17,-1.22464679914735e-16,-1.22464679914735e-16,0,-1,0,-1,0,0
-6.12323399573677e-17,1,7.49879891330929e-33,1,6.12323399573677e-17,-1.22464679914735e-16,-1.22464679914735e-16,0,-1,0,-1,0,0
-6.12323399573677e-17,1,7.49879891330929e-33,1,6.12323399573677e-17,-1.22464679914735e-16,-1.22464679914735e-16,0,-1,0,-1,0,0
-6.12323399573677e-17,1,7.49879891330929e-33,1,6.12323399573677e-17,-1.22464679914735e-16,-1.22464679914735e-16,0,-1,0,-1,0,0
-6.12323399573677e-17,1,7.49879891330929e-33,1,6.12323399573677e-17,-1.22464679914735e-16,-1.22464679914735e-16,0,-1,0,-1,0,0
-6.12323399573677e-17,1,7.49879891330929e-33,1,6.12323399573677e-17,-1.22464679914735e-16,-1.22464679914735e-16,0,-1,0,-1,0,0
-6.12323399573677e-17,1,7.49879891330929e-33,1,6.12323399573677e-17,-1.22464679914735e-16,-1.22464679914735e-16,0,-1,0,-1,0,0
-6.12323399573677e-17,1,7.49879891330929e-33,1,6.12323399573677e-17,-1.22464679914735e-16,-1.22464679914735e-16,0,-1,0,-1,0,0
-6.12323399573677e-17,1,7.49879891330929e-33,1,6.12323399573677e-17,-1.22464679914735e-16,-1.22464679914735e-16,0,-1,0,-1,0,0
-6.12323399573677e-17,1,7.49879891330929e-33,1,6.12323399573677e-17,-1.22464679914735e-16,-1.22464679914735e-16,0,-1,0,-1,0,0
-6.12323399573677e-17,1,7.49879891330929e-33,1,6.12323399573677e-17,-1.22464679914735e-16,-1.22464679914735e-16,0,-1,0,-1,0,0
-6.12323399573677e-17,1,7.49879891330929e-33,1,6.12323399573677e-17,-1.22464679914735e-16,-1.22464679914735e-16,0,-1,0,-1,0,0
-6.12323399573677e-17,1,7.49879891330929e-33,1,6.12323399573677e-17,-1.22464679914735e-16,-1.22464679914735e-16,0,-1,0,-1,0,0
-6.12323399573677e-17,1,7.49879891330929e-33,1,6.12323399573677e-17,-1.22464679914735e-16,-1.22464679914735e-16,0,-1,0,-1,0,0
-6.12323399573677e-17,1,7.49879891330929e-33,1,6.12323399573677e-17,-1.22464679914735e-16,-1.22464679914735e-16,0,-1,0,-1,0,0
-6.12323399573677e-17,1,7.49879891330929e-33,1,6.12323399573677e-17,-1.22464679914735e-16,-1.22464679914735e-16,0,-1,-5.69964948800895e-37,-1,7.60074987194669e-05,0
-6.12323399573677e-17,1,7.49879891330929e-33,1,6.12323399573677e-17,-1.22464679914735e-16,-1.22464679914735e-16,0,-1,-2.26440311862593e-36,-1,0.000301968774573611,0
-6.12323399573677e-17,1,7.49879891330929e-33,1,6.12323399573677e-17,-1.22464679914735e-16,-1.22464679914735e-16,0,-1,-5.06012949460863e-36,-1,0.000674791997106047,0
-6.12323399573677e-17,1,7.49879891330929e-33,1,6.12323399573677e-17,-1.22464679914735e-16,-1.22464679914735e-16,0,-1,-8.93395906188251e-36,-1,0.00119138533586039,0
-6.12323399573677e-17,1,7.49879891330929e-33,1,6.12323399573677e-17,-1.22464679914735e-16,-1.22464679914735e-16,0,-1,-1.38627068055811e-35,-1,0.00184865696038025,0
-6.12323399573677e-17,1,7.49879891330929e-33,1,6.12323399573677e-17,-1.22464679914735e-16,-1.22464679914735e-16,0,-1,-1.98231877108379e-35,-1,0.00264351504020926,0
-6.12323399573677e-17,1,7.49879891330929e-33,1,6.12323399573677e-17,-1.22464679914735e-16,-1.22464679914735e-16,0,-1,-2.67922167627865e-35,-1,0.00357286774489101,0
-6.12323399573677e-17,1,7.49879891330929e-33,1,6.12323399573677e-17,-1.22464679914735e-16,-1.22464679914735e-16,0,-1,-3.47466089465604e-35,-1,0.00463362324396913,0
-6.12323399573677e-17,1,7.49879891330929e-33,1,6.12323399573677e-17,-1.22464679914735e-16,-1.22464679914735e-16,0,-1,-4.3663179247293e-35,-1,0.00582268970698723,0
-6.12323399573677e-17,1,7.49879891330929e-33,1,6.12323399573677e-17,-1.22464679914735e-16,-1.22464679914735e-16,0,-1,-5.3518742650118e-35,-1,0.00713697530348893,0
-6.12323399573677e-17,1,7.49879891330929e-33,1,6.12323399573677e-17,-1.22464679914735e-16,-1.22464679914735e-16,0,-1,-6.42901141401688e-35,-1,0.00857338820301783,0
-6.12323399573677e-17,1,7.49879891330929e-33,1,6.12323399573677e-17,-1.22464679914735e-16,-1.22464679914735e-16,0,-1,-7.5954108702579e-35,-1,0.0101288365751176,0
-6.12323399573677e-17,1,7.49879891330929e-33,1,6.12323399573677e-17,-1.22464679914735e-16,-1.22464679914735e-16,0,-1,-8.84875413224821e-35,-1,0.0118002285893317,0
-6.12323399573677e-17,1,7.49879891330929e-33,1,6.12323399573677e-17,-1.22464679914735e-16,-1.22464679914735e-16,0,-1,-1.01867226985012e-34,-1,0.013584472415204,0
-6.12323399573677e-17,1,7.49879891330929e-33,1,6.12323399573677e-17,-1.22464679914735e-16,-1.22464679914735e-16,0,-1,-1.16069980675301e-34,-1,0.0154784762222779,0
-6.12323399573677e-17,1,7.49879891330929e-33,1,6.12323399573677e-17,-1.22464679914735e-16,-1.22464679914735e-16,0,-1,-1.31072617378484e-34,-1,0.0174791481800971,0
-6.12323399573677e-17,1,7.49879891330929e-33,1,6.12323399573677e-17,-1.22464679914735e-16,-1.22464679914735e-16,0,-1,-1.46851952079694e-34,-1,0.0195833964582052,0
-6.12323399573677e-17,1,7.49879891330929e-33,1,6.12323399573677e-17,-1.22464679914735e-16,-1.22464679914735e-16,0,-1,-1.63384799764064e-34,-1,0.0217881292261458,0
-6.12323399573677e-17,1,7.49879891330929e-33,1,6.12323399573677e-17,-1.22464679914735e-16,-1.22464679914735e-16,0,-1,-1.80647975416729e-34,-1,0.0240902546534625,0
-6.12323399573677e-17,1,7.49879891330929e-33,1,6.12323399573677e-17,-1.22464679914735e-16,-1.22464679914735e-16,0,-1,-1.98618294022821e-34,-1,0.026486680909699,0
-6.12323399573677e-17,1,7.49879891330929e-33,1,6.12323399573677e-17,-1.22464679914735e-16,-1.22464679914735e-16,0,-1,-2.17272570567474e-34,-1,0.0289743161643988,0
-6.12323399573677e-17,1,7.49879891330929e-33,1,6.12323399573677e-17,-1.22464679914735e-16,-1.22464679914735e-16,0,-1,-2.36587620035821e-34,-1,0.0315500685871056,0
-6.12323399573677e-17,1,7.49879891330929e-33,1,6.12323399573677e-17,-1.22464679914735e-16,-1.22464679914735e-16,0,-1,-2.56540257412997e-34,-1,0.034210846347363,0
-6.12323399573677e-17,1,7.49879891330929e-33,1,6.12323399573677e-17,-1.22464679914735e-16,-1.22464679914735e-16,0,-1,-2.77107297684134e-34,-1,0.0369535576147146,0
-6.12323399573677e-17,1,7.49879891330929e-33,1,6.12323399573677e-17,-1.22464679914735e-16,-1.22464679914735e-16,0,-1,-2.98265555834367e-34,-1,0.0397751105587041,0
-6.12323399573677e-17,1,7.49879891330929e-33,1,6.12323399573677e-17,-1.22464679914735e-16,-1.22464679914735e-16,0,-1,-3.19991846848828e-34,-1,0.0426724133488749,0
-6.12323399573677e-17,1,7.49879891330929e-33,1,6.12323399573677e-17,-1.22464679914735e-16,-1.22464679914735e-16,0,-1,-3.42262985712652e-34,-1,0.0456423741547709,0
-6.12323399573677e-17,1,7.49879891330929e-33,1,6.12323399573677e-17,-1.22464679914735e-16,-1.22464679914735e-16,0,-1,-3.65055787410971e-34,-1,0.0486819011459354,0
-6.12323399573677e-17,1,7.49879891330929e-33,1,6.12323399573677e-17,-1.22464679914735e-16,-1.22464679914735e-16,0,-1,-3.88347066928919e-34,-1,0.0517879024919123,0
-6.12323399573677e-17,1,7.49879891330929e-33,1,6.12323399573677e-17,-1.22464679914735e-16,-1.22464679914735e-16,0,-1,-4.1211363925163e-34,-1,0.054957286362245,0
-6.12323399573677e-17,1,7.49879891330929e-33,1,6.12323399573677e-17,-1.22464679914735e-16,-1.22464679914735e-16,0,-1,-4.36332319364238e-34,-1,0.0581869609264773,0
-6.12323399573677e-17,1,7.49879891330929e-33,1,6.12323399573677e-17,-1.22464679914735e-16,-1.22464679914735e-16,0,-1,-4.60979922251875e-34,-1,0.0614738343541527,0
-6.12323399573677e-17,1,7.49879891330929e-33,1,6.12323399573677e-17,-1.22464679914735e-16,-1.22464679914735e-16,0,-1,-4.86033262899676e-34,-1,0.0648148148148148,0
-6.12323399573677e-17,1,7.49879891330929e-33,1,6.12323399573677e-17,-1.22464679914735e-16,-1.22464679914735e-16,0,-1,-5.11469156292774e-34,-1,0.0682068104780073,0
-6.12323399573677e-17,1,7.49879891330929e-33,1,6.12323399573677e-17,-1.22464679914735e-16,-1.22464679914735e-16,0,-1,-5.37264417416302e-34,-1,0.0716467295132737,0
-6.12323399573677e-17,1,7.49879891330929e-33,1,6.12323399573677e-17,-1.22464679914735e-16,-1.22464679914735e-16,0,-1,-5.63395861255393e-34,-1,0.0751314800901578,0
-6.12323399573677e-17,1,7.49879891330929e-33,1,6.12323399573677e-17,-1.22464679914735e-16,-1.22464679914735e-16,0,-1,-5.89840302795183e-34,-1,0.078657970378203,0
-6.12323399573677e-17,1,7.49879891330929e-33,1,6.12323399573677e-17,-1.22464679914735e-16,-1.22464679914735e-16,0,-1,-6.16574557020803e-34,-1,0.0822231085469531,0
-6.12323399573677e-17,1,7.49879891330929e-33,1,6.12323399573677e-17,-1.22464679914735e-16,-1.22464679914735e-16,0,-1,-6.43575438917388e-34,-1,0.0858238027659515,0
-6.12323399573677e-17,1,7.49879891330929e-33,1,6.12323399573677e-17,-1.22464679914735e-16,-1.22464679914735e-16,0,-1,-6.70819763470071e-34,-1,0.0894569612047421,0
-6.12323399573677e-17,1,7.49879891330929e-33,1,6.12323399573677e-17,-1.22464679914735e-16,-1.22464679914735e-16,0,-1,-6.98284345663985e-34,-1,0.0931194920328682,0
-6.12323399573677e-17,1,7.49879891330929e-33,1,6.12323399573677e-17,-1.22464679914735e-16,-1.22464679914735e-16,0,-1,-7.25946000484265e-34,-1,0.0968083034198737,0
-6.12323399573677e-17,1,7.49879891330929e-33,1,6.12323399573677e-17,-1.22464679914735e-16,-1.22464679914735e-16,0,-1,-7.53781542916043e-34,-1,0.100520303535302,0
-6.12323399573677e-17,1,7.49879891330929e-33,1,6.12323399573677e-17,-1.22464679914735e-16,-1.22464679914735e-16,0,-1,-7.81767787944453e-34,-1,0.104252400548697,0
-6.12323399573677e-17,1,7.49879891330929e-33,1,6.12323399573677e-17,-1.22464679914735e-16,-1.22464679914735e-16,0,-1,-8.09881550554628e-34,-1,0.108001502629602,0
-6.12323399573677e-17,1,7.49879891330929e-33,1,6.12323399573677e-17,-1.22464679914735e-16,-1.22464679914735e-16,0,-1,-8.38099645731703e-34,-1,0.111764517947561,0
-6.12323399573677e-17,1,7.49879891330929e-33,1,6.12323399573677e-17,-1.22464679914735e-16,-1.22464679914735e-16,0,-1,-8.66398888460811e-34,-1,0.115538354672117,0
-6.12323399573677e-17,1,7.49879891330929e-33,1,6.12323399573677e-17,-1.22464679914735e-16,-1.22464679914735e-16,0,-1,-8.94756093727084e-34,-1,0.119319920972814,0
-6.12323399573677e-17,1,7.49879891330929e-33,1,6.12323399573677e-17,-1.22464679914735e-16,-1.22464679914735e-16,0,-1,-9.23148076515658e-34,-1,0.123106125019195,0
-6.12323399573677e-17,1,7.49879891330929e-33,1,6.12323399573677e-17,-1.22464679914735e-16,-1.22464679914735e-16,0,-1,-9.51551651811664e-34,-1,0.126893874980805,0
-6.12323399573677e-17,1,7.49879891330929e-33,1,6.12323399573677e-17,-1.22464679914735e-16,-1.22464679914735e-16,0,-1,-9.79943634600238e-34,-1,0.130680079027187,0
-6.12323399573677e-17,1,7.49879891330929e-33,1,6.12323399573677e-17,-1.22464679914735e-16,-1.22464679914735e-16,0,-1,-1.00830083986651e-33,-1,0.134461645327884,0
-6.12323399573677e-17,1,7.49879891330929e-33,1,6.12323399573677e-17,-1.22464679914735e-16,-1.22464679914735e-16,0,-1,-1.03660008259562e-33,-1,0.138235482052439,0
-6.12323399573677e-17,1,7.49879891330929e-33,1,6.12323399573677e-17,-1.22464679914735e-16,-1.22464679914735e-16,0,-1,-1.06481817777269e-33,-1,0.141998497370398,0
-6.12323399573677e-17,1,7.49879891330929e-33,1,6.12323399573677e-17,-1.22464679914735e-16,-1.22464679914735e-16,0,-1,-1.09293194038287e-33,-1,0.145747599451303,0
-6.12323399573677e-17,1,7.49879891330929e-33,1,6.12323399573677e-17,-1.22464679914735e-16,-1.22464679914735e-16,0,-1,-1.12091818541128e-33,-1,0.149479696464698,0
-6.12323399573677e-17,1,7.49879891330929e-33,1,6.12323399573677e-17,-1.22464679914735e-16,-1.22464679914735e-16,0,-1,-1.14875372784306e-33,-1,0.153191696580126,0
-6.12323399573677e-17,1,7.49879891330929e-33,1,6.12323399573677e-17,-1.22464679914735e-16,-1.22464679914735e-16,0,-1,-1.17641538266334e-33,-1,0.156880507967132,0
-6.12323399573677e-17,1,7.49879891330929e-33,1,6.12323399573677e-17,-1.22464679914735e-16,-1.22464679914735e-16,0,-1,-1.20387996485725e-33,-1,0.160543038795258,0
-6.12323399573677e-17,1,7.49879891330929e-33,1,6.12323399573677e-17,-1.22464679914735e-16,-1.22464679914735e-16,0,-1,-1.23112428940993e-33,-1,0.164176197234048,0
-6.12323399573677e-17,1,7.49879891330929e-33,1,6.12323399573677e-17,-1.22464679914735e-16,-1.22464679914735e-16,0,-1,-1.25812517130652e-33,-1,0.167776891453047,0
-6.12323399573677e-17,1,7.49879891330929e-33,1,6.12323399573677e-17,-1.22464679914735e-16,-1.22464679914735e-16,0,-1,-1.28485942553214e-33,-1,0.171342029621797,0
-6.12323399573677e-17,1,7.49879891330929e-33,1,6.12323399573677e-17,-1.22464679914735e-16,-1.22464679914735e-16,0,-1,-1.31130386707193e-33,-1,0.174868519909842,0
-6.12323399573677e-17,1,7.49879891330929e-33,1,6.12323399573677e-17,-1.22464679914735e-16,-1.22464679914735e-16,0,-1,-1.33743531091102e-33,-1,0.178353270486726,0
-6.12323399573677e-17,1,7.49879891330929e-33,1,6.12323399573677e-17,-1.22464679914735e-16,-1.22464679914735e-16,0,-1,-1.36323057203455e-33,-1,0.181793189521993,0
-6.12323399573677e-17,1,7.49879891330929e-33,1,6.12323399573677e-17,-1.22464679914735e-16,-1.22464679914735e-16,0,-1,-1.38866646542765e-33,-1,0.185185185185185,0
-6.12323399573677e-17,1,7.49879891330929e-33,1,6.12323399573677e-17,-1.22464679914735e-16,-1.22464679914735e-16,0,-1,-1.41371980607545e-33,-1,0.188526165645847,0
-6.12323399573677e-17,1,7.49879891330929e-33,1,6.12323399573677e-17,-1.22464679914735e-16,-1.22464679914735e-16,0,-1,-1.43836740896308e-33,-1,0.191813039073523,0
-6.12323399573677e-17,1,7.49879891330929e-33,1,6.12323399573677e-17,-1.22464679914735e-16,-1.22464679914735e-16,0,-1,-1.46258608907569e-33,-1,0.195042713637755,0
-6.12323399573677e-17,1,7.49879891330929e-33,1,6.12323399573677e-17,-1.22464679914735e-16,-1.22464679914735e-16,0,-1,-1.4863526613984e-33,-1,0.198212097508088,0
-6.12323399573677e-17,1,7.49879891330929e-33,1,6.12323399573677e-17,-1.22464679914735e-16,-1.22464679914735e-16,0,-1,-1.50964394091635e-33,-1,0.201318098854065,0
-6.12323399573677e-17,1,7.49879891330929e-33,1,6.12323399573677e-17,-1.22464679914735e-16,-1.22464679914735e-16,0,-1,-1.53243674261467e-33,-1,0.204357625845229,0
-6.12323399573677e-17,1,7.49879891330929e-33,1,6.12323399573677e-17,-1.22464679914735e-16,-1.22464679914735e-16,0,-1,-1.55470788147849e-33,-1,0.207327586651125,0
-6.12323399573677e-17,1,7.49879891330929e-33,1,6.12323399573677e-17,-1.22464679914735e-16,-1.22464679914735e-16,0,-1,-1.57643417249296e-33,-1,0.210224889441296,0
-6.12323399573677e-17,1,7.49879891330929e-33,1,6.12323399573677e-17,-1.22464679914735e-16,-1.22464679914735e-16,0,-1,-1.59759243064319e-33,-1,0.213046442385285,0
-6.12323399573677e-17,1,7.49879891330929e-33,1,6.12323399573677e-17,-1.22464679914735e-16,-1.22464679914735e-16,0,-1,-1.61815947091433e-33,-1,0.215789153652637,0
-6.12323399573677e-17,1,7.49879891330929e-33,1,6.12323399573677e-17,-1.22464679914735e-16,-1.22464679914735e-16,0,-1,-1.6381121082915e-33,-1,0.218449931412894,0
-6.12323399573677e-17,1,7.49879891330929e-33,1,6.12323399573677e-17,-1.22464679914735e-16,-1.22464679914735e-16,0,-1,-1.65742715775985e-33,-1,0.221025683835601,0
-6.12323399573677e-17,1,7.49879891330929e-33,1,6.12323399573677e-17,-1.22464679914735e-16,-1.22464679914735e-16,0,-1,-1.6760814343045e-33,-1,0.223513319090301,0
-6.12323399573677e-17,1,7.49879891330929e-33,1,6.12323399573677e-17,-1.22464679914735e-16,-1.22464679914735e-16,0,-1,-1.69405175291059e-33,-1,0.225909745346538,0
-6.12323399573677e-17,1,7.49879891330929e-33,1,6.12323399573677e-17,-1.22464679914735e-16,-1.22464679914735e-16,0,-1,-1.71131492856326e-33,-1,0.228211870773854,0
-6.12323399573677e-17,1,7.49879891330929e-33,1,6.12323399573677e-17,-1.22464679914735e-16,-1.22464679914735e-16,0,-1,-1.72784777624763e-33,-1,0.230416603541795,0
-6.12323399573677e-17,1,7.49879891330929e-33,1,6.12323399573677e-17,-1.22464679914735e-16,-1.22464679914735e-16,0,-1,-1.74362711094884e-33,-1,0.232520851819903,0
-6.12323399573677e-17,1,7.49879891330929e-33,1,6.12323399573677e-17,-1.22464679914735e-16,-1.22464679914735e-16,0,-1,-1.75862974765202e-33,-1,0.234521523777722,0
-6.12323399573677e-17,1,7.49879891330929e-33,1,6.12323399573677e-17,-1.22464679914735e-16,-1.22464679914735e-16,0,-1,-1.77283250134231e-33,-1,0.236415527584796,0
-6.12323399573677e-17,1,7.49879891330929e-33,1,6.12323399573677e-17,-1.22464679914735e-16,-1.22464679914735e-16,0,-1,-1.78621218700484e-33,-1,0.238199771410668,0
-6.12323399573677e-17,1,7.49879891330929e-33,1,6.12323399573677e-17,-1.22464679914735e-16,-1.22464679914735e-16,0,-1,-1.79874561962474e-33,-1,0.239871163424882,0
-6.12323399573677e-17,1,7.49879891330929e-33,1,6.12323399573677e-17,-1.22464679914735e-16,-1.22464679914735e-16,0,-1,-1.81040961418715e-33,-1,0.241426611796982,0
-6.12323399573677e-17,1,7.49879891330929e-33,1,6.12323399573677e-17,-1.22464679914735e-16,-1.22464679914735e-16,0,-1,-1.8211809856772e-33,-1,0.242863024696511,0
-6.12323399573677e-17,1,7.49879891330929e-33,1,6.12323399573677e-17,-1.22464679914735e-16,-1.22464679914735e-16,0,-1,-1.83103654908003e-33,-1,0.244177310293013,0
-6.12323399573677e-17,1,7.49879891330929e-33,1,6.12323399573677e-17,-1.22464679914735e-16,-1.22464679914735e-16,0,-1,-1.83995311938076e-33,-1,0.245366376756031,0
-6.12323399573677e-17,1,7.49879891330929e-33,1,6.12323399573677e-17,-1.22464679914735e-16,-1.22464679914735e-16,0,-1,-1.84790751156454e-33,-1,0.246427132255109,0
-6.12323399573677e-17,1,7.49879891330929e-33,1,6.12323399573677e-17,-1.22464679914735e-16,-1.22464679914735e-16,0,-1,-1.85487654061648e-33,-1,0.247356484959791,0
-6.12323399573677e-17,1,7.49879891330929e-33,1,6.12323399573677e-17,-1.22464679914735e-16,-1.22464679914735e-16,0,-1,-1.86083702152174e-33,-1,0.24815134303962,0
-6.12323399573677e-17,1,7.49879891330929e-33,1,6.12323399573677e-17,-1.22464679914735e-16,-1.22464679914735e-16,0,-1,-1.86576576926544e-33,-1,0.24880861466414,0
-6.12323399573677e-17,1,7.49879891330929e-33,1,6.12323399573677e-17,-1.22464679914735e-16,-1.22464679914735e-16,0,-1,-1.86963959883271e-33,-1,0.249325208002894,0
-6.12323399573677e-17,1,7.49879891330929e-33,1,6.12323399573677e-17,-1.22464679914735e-16,-1.22464679914735e-16,0,-1,-1.8724353252087e-33,-1,0.249698031225426,0
-6.12323399573677e-17,1,7.49879891330929e-33,1,6.12323399573677e-17,-1.22464679914735e-16,-1.22464679914735e-16,0,-1,-1.87412976337852e-33,-1,0.249923992501281,0
-6.12323399573677e-17,1,7.49879891330929e-33,1,6.12323399573677e-17,-1.22464679914735e-16,-1.22464679914735e-16,0,-1,-1.87469972832732e-33,-1,0.25,0
