0,0,0,-0,0,0
1.16848250659278e-19,3.63396797827335e-05,9.09762144444551e-19,-0.000167026092635165,3.51328327398191e-19,-3.85889064830647e-08
1.5776546947787e-15,3.63396797868438e-05,3.89848325430583e-18,-0.283449575854282,3.59528140447261e-16,-0.647243088745903
1.57739869107641e-15,3.63396797887335e-05,3.76459236583779e-18,-0.283447224699719,3.60559831481378e-16,-0.64723760952268
1.58477063127956e-15,3.63396797853993e-05,3.81860098629938e-18,-0.283442515791022,3.6397802555636e-16,-0.647226955252886
1.58817342608773e-15,3.63396797876072e-05,4.15204119548933e-18,-0.283434449596122,3.6589512526577e-16,-0.647209389293385
1.59993246873636e-15,3.63396797887648e-05,6.69961996192284e-18,-0.283421795328262,3.6827213324544e-16,-0.64718306655955
1.60619707686205e-15,3.63396797870932e-05,7.76938978010426e-18,-0.283403000255538,3.68819044250655e-16,-0.647145952074895
1.6193903289714e-15,3.63396797845462e-05,8.7990639665783e-18,-0.283376092658083,3.74915481474853e-16,-0.647095714766134
1.62728362851717e-15,3.63396797862435e-05,9.07803729447842e-18,-0.28333861855396,3.76909894192009e-16,-0.647029587749657
1.63639386912186e-15,3.63396797876498e-05,1.07448835434824e-17,-0.283287778010174,3.82691066316015e-16,-0.646944196174019
1.65625148444428e-15,3.63396797876553e-05,1.14116307441961e-17,-0.283221391753175,3.88834065076196e-16,-0.646835400311341
1.67680241266295e-15,3.63396797844791e-05,1.17927201077245e-17,-0.283142084791524,3.9162910459748e-16,-0.646698360869986
1.70019063760946e-15,3.63396797849102e-05,1.33631216465985e-17,-0.283073313012164,3.98079283827423e-16,-0.64652834558055
1.71119775824092e-15,3.63396797872132e-05,1.63242194847118e-17,-0.283107336591703,4.05335247975814e-16,-0.646321897727526
1.71956015098721e-15,3.63396797872974e-05,1.6943042217201e-17,-0.283418706323715,4.0913877321977e-16,-0.646075259751684
1.71664522701849e-15,3.63396797866717e-05,1.58393984398223e-17,-0.283921093542588,4.08614148662462e-16,-0.645809489923059
1.71140134991654e-15,3.633967978638e-05,1.46957652174168e-17,-0.284362365699732,4.08236404715209e-16,-0.64556600759746
1.70979805281757e-15,3.63396797873262e-05,1.39691760940092e-17,-0.284711205204985,4.0963112648229e-16,-0.645350703791818
1.69846039846229e-15,3.63396797868199e-05,1.32785162311149e-17,-0.284992904222911,4.07102445501915e-16,-0.645158074413217
1.69088898593603e-15,3.63396797881858e-05,1.22397870072357e-17,-0.285227349451014,4.05911401065123e-16,-0.644983292662789
1.68648215040414e-15,3.6339679788252e-05,1.29827646206202e-17,-0.285427144377801,4.07503551198528e-16,-0.644823002411606
1.67542645595479e-15,3.63396797883835e-05,1.43780805040906e-17,-0.285600373669076,4.08588768149433e-16,-0.644674849725587
1.66809226311574e-15,3.63396797854413e-05,1.68633371158114e-17,-0.285752444946304,4.1024880969153e-16,-0.644537102032072
1.65840179243583e-15,3.63396797878054e-05,1.71650356420834e-17,-0.285887130057358,4.09448914706285e-16,-0.644408413972501
1.64903952356585e-15,3.63396797869408e-05,1.90688457992059e-17,-0.286007157496499,4.08032936978179e-16,-0.644287688068127
1.52564388868017e-15,3.63396797859599e-05,1.22904772759842e-16,-0.286114561806985,3.88754991575241e-16,-0.644173990858558
1.49405278276881e-15,3.63396797873705e-05,1.4727178901708e-16,-0.286210898038969,3.85071109084528e-16,-0.644066501266661
1.49385932149472e-15,3.63396797860073e-05,1.44199829297028e-16,-0.286297378411392,3.87064471507827e-16,-0.643964477901166
1.48499964877667e-15,3.63396797859523e-05,1.44645033249226e-16,-0.286374962378518,3.90169382944642e-16,-0.64386723762907
1.47788527760219e-15,3.63396797845706e-05,1.44849927437894e-16,-0.286444417765761,3.88920250937556e-16,-0.643774140908745
1.46926477202508e-15,3.63396797863201e-05,1.46560807030091e-16,-0.286506363330299,3.87507423688173e-16,-0.643684581178107
1.46076331474382e-15,3.63396797850702e-05,1.46764813520633e-16,-0.28656129901099,3.86406984474674e-16,-0.643597976639884
1.45052739831727e-15,3.63396797852535e-05,1.43185156838339e-16,-0.286609627762036,3.89699077070441e-16,-0.643513763401651
1.44017648188581e-15,3.63396797854073e-05,1.40404724495102e-16,-0.286651671446179,3.93343899504694e-16,-0.643431389289815
1.42980308834069e-15,3.63396797863752e-05,1.39961638979764e-16,-0.28668768238615,3.96315498372211e-16,-0.643350307863751
1.41728777421364e-15,3.63396797852025e-05,1.37404094308196e-16,-0.286717851611981,3.96707909060119e-16,-0.643269972265646
1.40458839471256e-15,3.63396797877596e-05,1.34054887899442e-16,-0.286742314467639,3.96644912678118e-16,-0.643189828584633
1.39096925317906e-15,3.63396797856743e-05,1.31949833422386e-16,-0.286761153976481,4.02682833047679e-16,-0.643109308406783
1.37361447731731e-15,3.63396797865689e-05,1.29860106211989e-16,-0.286774402162868,4.02349622893838e-16,-0.643027820170793
1.35664951932559e-15,3.63396797853935e-05,1.32602361278973e-16,-0.286782039353437,4.05487889151921e-16,-0.642944738849424
1.34174905051726e-15,3.63396797838603e-05,1.37300317808164e-16,-0.286783991309028,4.10224824466637e-16,-0.642859393316016
1.32408698189061e-15,3.63396797828183e-05,1.32887467029475e-16,-0.286780123840133,4.10046784284562e-16,-0.642771050508843
1.30513249442797e-15,3.63396797847537e-05,1.33987019381759e-16,-0.286770234301647,4.08477195886478e-16,-0.642678895129942
1.28697395167169e-15,3.63396797847714e-05,1.36242041313777e-16,-0.286754038998218,4.0918631200518e-16,-0.642582003034932
1.26557848075215e-15,3.63396797844574e-05,1.42048680544216e-16,-0.286731154980977,4.10722229633233e-16,-0.642479305557334
1.24428667771194e-15,3.63396797836656e-05,1.46434002080937e-16,-0.286701073844936,4.13448823271101e-16,-0.6423695405374
1.22391223511657e-15,3.63396797833729e-05,1.51697145990452e-16,-0.286663123698789,4.22175161117104e-16,-0.642251183374864
1.20177315196739e-15,3.63396797834214e-05,1.47805005595406e-16,-0.286616413011639,4.27057300041377e-16,-0.642122347206365
1.17806216708117e-15,3.63396797830544e-05,1.45279041747232e-16,-0.286559745622532,4.28706669156624e-16,-0.641980633750352
1.26859259334384e-15,3.63396797818408e-05,9.65737270934502e-17,-0.286491487898777,4.45247062866528e-16,-0.641822902177621
1.14759247335691e-15,3.63396797811887e-05,1.39156206360205e-16,-0.286409352549276,4.42813387827792e-16,-0.64164489524587
1.16113030186692e-15,3.63396797806851e-05,1.1531293071857e-16,-0.286310028645899,4.50150139225824e-16,-0.641440602413201
1.21998871094817e-15,3.63396797811079e-05,7.92557231281859e-17,-0.286188507061863,4.57962383473089e-16,-0.641201103142588
1.16332669825793e-15,3.63396797809292e-05,9.14685786084165e-17,-0.286036746297032,4.66073907252266e-16,-0.64091228754525
1.14392257694972e-15,3.63396797810856e-05,8.85503411191037e-17,-0.285840732164652,4.70910671824526e-16,-0.640549852441017
1.11401949494817e-15,3.63396797807554e-05,8.90093502396945e-17,-0.285572939780349,4.76008840009116e-16,-0.640066530003831
1.07908960309123e-15,3.6339679780506e-05,9.21585312706523e-17,-0.285168045347402,4.80949800732577e-16,-0.639351169499058
1.06102961562728e-15,3.63396797805628e-05,9.08458909926912e-17,-0.284406520557355,5.51677188039732e-16,-0.638034265253725
1.02792555612679e-15,3.63396797807027e-05,8.82491843163794e-17,-0.281438449743048,5.56397620873211e-16,-0.633070368850722
9.96376367432431e-16,3.63396797813065e-05,8.34947989134552e-17,-0.277552276333587,5.6485811133839e-16,-0.626566640135549
9.21371899301934e-16,3.63396797815946e-05,9.86478317142107e-17,-0.275874870017599,5.63254012860654e-16,-0.623600275983372
8.42060486185864e-16,3.63396797806534e-05,1.32367962239415e-16,-0.202835780162771,4.94737276015522e-16,-0.46949742836944
8.100964533839e-16,3.63396797790315e-05,1.32241927163363e-16,-0.202775346375521,5.02873200399111e-16,-0.469491472904839
7.78955622669833e-16,3.63396797806854e-05,1.36989419358446e-16,-0.202719990967825,5.04748608691712e-16,-0.46948207441241
7.47318865614716e-16,3.63396797815905e-05,1.38083347949124e-16,-0.202669206753895,5.06296723010975e-16,-0.469469609692818
7.16516075664703e-16,3.63396797830841e-05,1.39674870574185e-16,-0.202622552395357,5.09451200733728e-16,-0.469454409550213
6.84749000529553e-16,3.63396797820427e-05,1.43108724791649e-16,-0.202579643802149,5.13976894512372e-16,-0.469436768088738
6.52751508044324e-16,3.63396797839183e-05,1.45115933025661e-16,-0.202540146353646,5.20112976775085e-16,-0.46941695041783
6.20143265077167e-16,3.63396797842876e-05,1.47477271758096e-16,-0.20250376799546,5.20186302688575e-16,-0.469395199042621
5.88978298714183e-16,3.63396797834618e-05,1.48731572215014e-16,-0.202470253187775,5.22535932437151e-16,-0.469371739175293
5.57046932512471e-16,3.63396797840795e-05,1.44531689889616e-16,-0.202439377640938,5.24807019395786e-16,-0.469346783162571
5.26519449386717e-16,3.63396797846537e-05,1.46199402266123e-16,-0.2024109437573,5.27398738790997e-16,-0.46932053418695
4.9581219097236e-16,3.63396797849869e-05,1.4406358291841e-16,-0.202384776694708,5.28866029976473e-16,-0.469293189365844
4.66461835259464e-16,3.63396797842628e-05,1.38608915314332e-16,-0.202360720970755,5.34617808835563e-16,-0.469264942343607
4.36358829561876e-16,3.63396797839083e-05,1.39629147136728e-16,-0.202338637533946,5.38878581920696e-16,-0.469235985445684
4.15446167059713e-16,3.63396797826858e-05,1.33851336571105e-16,-0.202318401236405,5.79337786140523e-16,-0.469206511441388
3.86800783327972e-16,3.6339679784867e-05,1.29017665431768e-16,-0.202299898651401,5.83428343481886e-16,-0.46917671494101
2.76569686949751e-16,3.63396797846691e-05,1.3547720077274e-16,-0.202283026187042,5.96027466135263e-16,-0.469146793433593
2.5430344581154e-16,3.63396797836631e-05,1.3473761157798e-16,-0.20226768845494,5.94158520961112e-16,-0.469116947953104
2.33718478008501e-16,3.63396797848996e-05,1.31401085307483e-16,-0.202253796859081,5.9729428347386e-16,-0.469087383342502
2.22014259657634e-16,3.63396797841652e-05,1.27941027071491e-16,-0.202241268375758,5.98521542719404e-16,-0.469058308067349
2.01914637737004e-16,3.63396797833918e-05,1.25421175554736e-16,-0.202230024500108,6.01504454954838e-16,-0.469029933513217
1.80649080364132e-16,3.63396797832488e-05,1.24231655680127e-16,-0.202219990338683,6.04584040859967e-16,-0.46900247268516
1.6169274424847e-16,3.63396797831831e-05,1.27328833080667e-16,-0.202211093830532,6.08175249105707e-16,-0.468976138214117
1.4314612823729e-16,3.63396797833891e-05,1.2777551007163e-16,-0.202203265081552,6.08517003661767e-16,-0.468951139566721
1.26313489460405e-16,3.63396797843632e-05,1.26750575521176e-16,-0.202196435798325,6.10918160875699e-16,-0.468927679354572
1.09799940277809e-16,3.63396797820551e-05,1.26046605217928e-16,-0.202190538808374,6.13910817728019e-16,-0.468905948651015
9.41414542507085e-17,3.63396797837935e-05,1.26424110740288e-16,-0.202185507653605,6.1572657003196e-16,-0.46888612125292
7.93107506093613e-17,3.63396797838629e-05,1.26155054099986e-16,-0.202181276242799,6.17735407448133e-16,-0.468868346877796
6.59224308914267e-17,3.63396797834017e-05,1.2484511568196e-16,-0.202177778547366,6.19295223859785e-16,-0.468852743368152
5.29007132175595e-17,3.63396797834395e-05,1.23414842156189e-16,-0.202174948322342,6.21422841131198e-16,-0.468839388089162
4.1623965160045e-17,3.63396797834926e-05,1.22802605702143e-16,-0.202172718832111,6.23005332935824e-16,-0.468828308851869
3.11613194711705e-17,3.63396797842966e-05,1.23107526134245e-16,-0.20217102255798,6.24580332174547e-16,-0.468819474865352
2.22779245320432e-17,3.63396797832868e-05,1.23499691549398e-16,-0.202169790863149,6.25211361595135e-16,-0.46881278840057
1.4731152643662e-17,3.63396797843123e-05,1.22915120098486e-16,-0.202168953590451,6.25767081253708e-16,-0.468808078008091
8.59994972621417e-18,3.63396797848148e-05,1.22283523111862e-16,-0.202168438570254,6.26637286401135e-16,-0.468805094233064
4.01621757909253e-18,3.63396797844194e-05,1.21893175637958e-16,-0.202168171020456,6.27061178045604e-16,-0.468803508769936
1.11176040793606e-18,3.6339679784056e-05,1.21884439786495e-16,-0.20216807282772,6.27447963201009e-16,-0.468802917857468
8.0673705821475e-20,3.63396797828421e-05,1.21839541128253e-16,-0.202168061708227,6.27571732898062e-16,-0.468802850411134
8.06737058115498e-20,3.63396797865776e-05,1.21839541128354e-16,-0.202168061708226,6.27571732897777e-16,-0.468802850411134
8.06731003262963e-20,3.63396797841906e-05,1.21840505069124e-16,-0.202168058581139,6.27567754963939e-16,-0.468802818654958
8.06719718959614e-20,3.63396797848845e-05,1.21832565283521e-16,-0.202168030908088,6.27557883437417e-16,-0.468802537376397
8.06701401613009e-20,3.63396797839686e-05,1.21863747540967e-16,-0.202167955290088,6.27533483351836e-16,-0.468801766933775
8.06683570964183e-20,3.63396797861058e-05,1.21876246656746e-16,-0.202167809198634,6.27502611373687e-16,-0.468800272774869
8.06650873101585e-20,3.6339679784607e-05,1.21850306860704e-16,-0.2021675706192,6.27477213182244e-16,-0.468797820013576
8.06653058484983e-20,3.63396797846347e-05,1.21860288793479e-16,-0.202167217681459,6.27442702805986e-16,-0.468794168008609
8.06585013906934e-20,3.63396797836355e-05,1.21916591663007e-16,-0.202166728253432,6.27395182145265e-16,-0.468789064649582
8.06530091042548e-20,3.63396797836633e-05,1.21980350220783e-16,-0.202166079474038,6.27354907908808e-16,-0.468782240023052
8.06615844629291e-20,3.63396797851065e-05,1.21858910527108e-16,-0.202165247192764,6.27295371383413e-16,-0.468773399062483
8.06596149205507e-20,3.63396797849123e-05,1.21902928208626e-16,-0.20216420527544,6.2722411292044e-16,-0.468762212669215
8.06621806226914e-20,3.63396797850788e-05,1.22067404978973e-16,-0.202162924719421,6.27117584120681e-16,-0.468748306604636
8.06536964550382e-20,3.63396797852176e-05,1.21997488870945e-16,-0.202161372496621,6.27037581663258e-16,-0.468731247158606
8.06561239002196e-20,3.63396797864666e-05,1.21901728538244e-16,-0.202159510003171,6.27006523796821e-16,-0.468710522129978
8.06611191283224e-20,3.63396797866886e-05,2.74608398071979e-17,-0.202157290929775,6.36725289414049e-16,-0.468685514894863
8.06619956647149e-20,3.63396797868829e-05,9.66542681900861e-17,-0.202154658258853,6.29399332881025e-16,-0.468655468074369
8.06681065481191e-20,3.63396797868274e-05,8.24879717030137e-17,-0.202151539908041,6.30777521673737e-16,-0.468619431143162
8.06489820263028e-20,3.63396797865221e-05,1.40574440641433e-16,-0.202147842205057,6.24580819789281e-16,-0.468576182447903
8.06483035187597e-20,3.63396797867997e-05,6.37931734422648e-17,-0.202143439751102,6.324680912725e-16,-0.468524108877646
8.06576311717213e-20,3.63396797862168e-05,1.32059027070571e-17,-0.202138158986831,6.37423025057363e-16,-0.468461012202316
8.06477010050002e-20,3.6339679786536e-05,2.36361214575311e-17,-0.202131750151503,6.36100165831473e-16,-0.46838378124987
8.06370415415833e-20,3.6339679786078e-05,2.82663954686782e-17,-0.202123836341594,6.35513180948132e-16,-0.468287801425392
8.06156773863377e-20,3.63396797870217e-05,2.85666467529984e-17,-0.202113813335755,6.35184164468607e-16,-0.4681658040741
8.0571657665034e-20,3.63396797882707e-05,2.84189200122139e-17,-0.202100631044944,6.34858637799015e-16,-0.468005380165153
8.06124564715767e-20,3.63396797866678e-05,2.79623985402001e-17,-0.202082243416662,6.34525300581063e-16,-0.467782784395183
8.06605223913622e-20,3.63396797872299e-05,2.72741762350799e-17,-0.202053897726921,6.33992489152021e-16,-0.467443858912833
8.07080991931818e-20,3.6339679785686e-05,2.98911203845584e-17,-0.202000567334539,6.32364538769558e-16,-0.466820344828259
8.07582818632739e-20,3.63396797872368e-05,2.44908516480326e-17,-0.201826057396747,6.29306464752188e-16,-0.46483641817307
7.98226272631462e-20,3.63396797872021e-05,4.80795742964325e-17,-0.20129162599861,6.08381052105784e-16,-0.45600629801317
7.98522766348939e-20,3.63396797871466e-05,4.79727850991904e-17,-0.20127661405755,6.07745085693684e-16,-0.455641928045089
7.97979333558378e-20,3.63396797873028e-05,4.72900493167701e-17,-0.201246819710614,6.07118542719766e-16,-0.454988125213759
7.95535648248021e-20,3.63396797876462e-05,4.9873044157679e-17,-0.201144735881809,6.04866622238862e-16,-0.453016727268592
7.66777881282191e-20,3.63396797859948e-05,8.06135387955138e-16,-0.201042854385097,4.92379188199135e-16,-0.429029987149703
7.66832896268109e-20,3.63396797861335e-05,8.06029144758088e-16,-0.201047844260989,4.92387020362997e-16,-0.428902621615171
7.67688052170104e-20,3.63396797851065e-05,7.87903025502129e-16,-0.20105304913923,4.94469693820363e-16,-0.428746870353723
7.67576077973829e-20,3.63396797845515e-05,7.87793316032894e-16,-0.201058452039651,4.94480816487207e-16,-0.428550258002537
7.67555073980985e-20,3.63396797850927e-05,7.87668068160228e-16,-0.20106398177201,4.94553330273567e-16,-0.428289884248547
7.67392456339962e-20,3.63396797858282e-05,7.87632416383902e-16,-0.201069378973789,4.94634917944407e-16,-0.427916822716018
7.67503534140799e-20,3.63396797858005e-05,7.87686457122058e-16,-0.201073540826042,4.94616088881818e-16,-0.427296112888126
7.67215028718141e-20,3.63396797854899e-05,7.87845840853626e-16,-0.201068477362422,4.94442537877153e-16,-0.425788965297575
7.00034421387754e-20,3.63396797845237e-05,1.03916953825041e-15,-0.199819495992786,4.66352806882118e-16,-0.370433984047749
7.00051093049224e-20,3.63396797853286e-05,1.03917377202827e-15,-0.199812699004695,4.66393823393068e-16,-0.370375406161212
7.00086450895895e-20,3.63396797845792e-05,1.03916716447379e-15,-0.199805810116391,4.6635694914742e-16,-0.370310999533415
7.00086243370347e-20,3.63396797861335e-05,1.03915873136239e-15,-0.199798822371318,4.6635222552708e-16,-0.370239890307484
7.00124595186591e-20,3.63396797856339e-05,1.0390591520916e-15,-0.199791725900721,4.66492050551381e-16,-0.370160976304637
7.00094168935201e-20,3.63396797845515e-05,1.03911478675479e-15,-0.199784507262439,4.66539940612231e-16,-0.370072838458683
7.00009954634452e-20,3.63396797845237e-05,1.03909365768196e-15,-0.19977714853355,4.66604934899629e-16,-0.369973605085862
7.00013428619966e-20,3.63396797854952e-05,1.03908169042453e-15,-0.199769626050258,4.66792475103531e-16,-0.369860735465285
6.99800950771648e-20,3.63396797851621e-05,5.3726769776261e-16,-0.199761908646129,5.26069900147882e-16,-0.36973065785963
6.99830371953436e-20,3.63396797845792e-05,5.37297309868382e-16,-0.199753955208885,5.26106763657231e-16,-0.369578127351955
6.98823552038108e-20,3.63396797844404e-05,5.76764210372471e-16,-0.19974571147216,5.2159375008798e-16,-0.369394998646599
6.98893747211151e-20,3.63396797852176e-05,5.76747776069731e-16,-0.199737106753555,5.21514336523508e-16,-0.369167641551729
6.98963420464064e-20,3.63396797848012e-05,5.7647746291697e-16,-0.199728055884642,5.21807053908644e-16,-0.368870724901577
6.98944901594183e-20,3.63396797848151e-05,5.76272028447419e-16,-0.199718499451311,5.21736747673838e-16,-0.368449064254483
6.99069700525042e-20,3.63396797845098e-05,5.76074066249007e-16,-0.199708747522621,5.22086201446055e-16,-0.367744859812458
6.99362661696377e-20,3.63396797852932e-05,5.75777977672765e-16,-0.19970440650189,5.2215544368848e-16,-0.365938009430909
7.76407219584513e-20,3.63396797840796e-05,5.43808295610008e-16,-0.143042519406827,5.34108891003874e-16,0.200829523265181
7.7604790261271e-20,3.63396797814151e-05,5.35735482981019e-16,-0.143050683479867,5.3501167193384e-16,0.200633246286439
7.7640002324049e-20,3.63396797821367e-05,4.53869612800275e-16,-0.143058306794565,5.42037256693253e-16,0.20047693966705
7.76522147740394e-20,3.63396797799441e-05,7.56584636523319e-16,-0.143065517271087,5.15887407409316e-16,0.200347835180252
7.76474723854437e-20,3.63396797798052e-05,7.5664853711776e-16,-0.143072395620028,5.15832183425953e-16,0.200238548494503
7.76402159927101e-20,3.63396797801939e-05,7.56742012158637e-16,-0.143078995898995,5.1586033684253e-16,0.200144406121292
7.76465675271412e-20,3.63396797801938e-05,7.56544136273371e-16,-0.143085355664159,5.16017982672118e-16,0.200062254120988
7.76490722597888e-20,3.6339679781082e-05,7.56589854423558e-16,-0.143091501548315,5.16064597897993e-16,0.199989858634908
7.76484006332696e-20,3.63396797811098e-05,7.56558043888509e-16,-0.143097452572564,5.1609337785306e-16,0.199925576408722
7.76496463408051e-20,3.63396797803049e-05,7.56510453390166e-16,-0.143103222233084,5.16196031569801e-16,0.199868161089953
7.76544714673948e-20,3.63396797801106e-05,7.56422350479634e-16,-0.143108819880909,5.16198542723812e-16,0.199816643116158
7.76570695455514e-20,3.63396797797497e-05,7.56382285245506e-16,-0.143114251672307,5.16288265451847e-16,0.199770251940621
7.76542927699797e-20,3.63396797802771e-05,7.56298580808511e-16,-0.143119521247695,5.16307864815114e-16,0.199728363830814
7.76544926373644e-20,3.63396797774183e-05,7.56408889991162e-16,-0.143124630233542,5.16335796828169e-16,0.199690465753094
7.7657522328998e-20,3.6339679779722e-05,7.56454553027915e-16,-0.14312957862612,5.16385582430432e-16,0.19965612973016
7.76568063169619e-20,3.63396797785008e-05,7.56479439312815e-16,-0.143134365095203,5.16385709781671e-16,0.199624994220838
7.76518295306822e-20,3.63396797781399e-05,7.57688745602455e-16,-0.143138987233083,5.16285913632024e-16,0.199596750330734
7.76252443754644e-20,3.63396797780012e-05,7.63070910834636e-16,-0.143143441766351,5.15903394222031e-16,0.199571131421551
7.76185444799393e-20,3.6339679777224e-05,1.01355952303057e-15,-0.143147724742689,4.94268816800481e-16,0.199547905159275
7.76684456744167e-20,3.63396797789448e-05,1.19180182816511e-15,-0.143151831701454,4.78818017518874e-16,0.19952686734349
7.76705159113948e-20,3.63396797775849e-05,1.19189194181357e-15,-0.143155757834462,4.78865210983976e-16,0.199507837057964
7.76667415853501e-20,3.63396797787783e-05,1.19213080246438e-15,-0.143159498141625,4.78883037050725e-16,0.199490652815176
7.76715101611995e-20,3.63396797783619e-05,1.19207715047041e-15,-0.143163047584894,4.78910054575278e-16,0.199475169457863
7.76753443289085e-20,3.63396797808045e-05,1.19208056763017e-15,-0.143166401242915,4.78918675403102e-16,0.199461255643542
7.76748102837899e-20,3.63396797831082e-05,1.1921589243137e-15,-0.143169554468055,4.78982486538555e-16,0.19944879178231
7.76746368795402e-20,3.63396797834134e-05,1.19221512886577e-15,-0.143172503046762,4.7901699363557e-16,0.19943766832999
7.76753075353501e-20,3.6339679782442e-05,1.19225106082701e-15,-0.143175243363632,4.7904575847681e-16,0.199427784361706
7.76725697164047e-20,3.633967978358e-05,1.19221939801155e-15,-0.143177772568983,4.79060908242752e-16,0.19941904636789
7.76722267476842e-20,3.63396797832469e-05,1.19222124266733e-15,-0.143180088749265,4.79097087409545e-16,0.199411367227224
7.76715456741336e-20,3.63396797841352e-05,1.19226264366022e-15,-0.143182191099079,4.79110409275635e-16,0.199404665320401
7.76735290335162e-20,3.63396797837465e-05,1.19222734128198e-15,-0.143184080093145,4.79139314319067e-16,0.199398863755579
7.76744412887693e-20,3.63396797854397e-05,1.19221601440755e-15,-0.143185757656095,4.79156102492468e-16,0.199393889681794
7.76724582024733e-20,3.63396797841906e-05,1.19220355274077e-15,-0.143187227327547,4.79157280545571e-16,0.199389673670545
7.76748271116734e-20,3.63396797831914e-05,1.19220450491108e-15,-0.143188494419558,4.7917252005237e-16,0.199386149148918
7.76705043702344e-20,3.63396797836078e-05,1.10309033682235e-15,-0.143189566163221,4.86897630816206e-16,0.199383251869804
7.76737319955688e-20,3.63396797843294e-05,1.09890200056576e-15,-0.143190451840974,4.87278404731087e-16,0.199380919406572
7.76766522992989e-20,3.63396797833302e-05,1.09839820588117e-15,-0.143191162901001,4.87366805857967e-16,0.199379090660702
7.76754298533617e-20,3.63396797829694e-05,1.0419237123842e-15,-0.14319171305014,4.92249509994092e-16,0.199377705371782
7.76759842519754e-20,3.63396797826086e-05,1.04187084763474e-15,-0.143192118321752,4.92253096065536e-16,0.199376703619735
7.76742099853033e-20,3.63396797839686e-05,9.91097516014121e-16,-0.143192397115309,4.96644295295265e-16,0.199376025309384
7.76740077793478e-20,3.63396797821922e-05,9.9113126781363e-16,-0.1431925702048,4.96657687426911e-16,0.199375609627352
7.76738781361744e-20,3.63396797817204e-05,9.91074000407684e-16,-0.143192660713647,4.96665327765894e-16,0.199375394460974
7.76735299514968e-20,3.63396797831637e-05,9.91130745057192e-16,-0.143192694054508,4.96662088266178e-16,0.199375315768237
7.76735094807328e-20,3.63396797828584e-05,9.91116465753111e-16,-0.143192697833178,4.96665125741544e-16,0.199375306886762
7.76735094807328e-20,3.63396797828584e-05,9.91116465753111e-16,-0.143192697833178,4.96665125741544e-16,0.199375306886762
7.76735094807328e-20,3.63396797828584e-05,9.91116465753111e-16,-0.143192697833178,4.96665125741544e-16,0.199375306886762
7.76735094807328e-20,3.63396797828584e-05,9.91116465753111e-16,-0.143192697833178,4.96665125741544e-16,0.199375306886762
7.76735094807328e-20,3.63396797828584e-05,9.91116465753111e-16,-0.143192697833178,4.96665125741544e-16,0.199375306886762
7.76735094807328e-20,3.63396797828584e-05,9.91116465753111e-16,-0.143192697833178,4.96665125741544e-16,0.199375306886762
7.76735094807328e-20,3.63396797828584e-05,9.91116465753111e-16,-0.143192697833178,4.96665125741544e-16,0.199375306886762
7.76735094807328e-20,3.63396797828584e-05,9.91116465753111e-16,-0.143192697833178,4.96665125741544e-16,0.199375306886762
7.76735094807328e-20,3.63396797828584e-05,9.91116465753111e-16,-0.143192697833178,4.96665125741544e-16,0.199375306886762
7.76735094807328e-20,3.63396797828584e-05,9.91116465753111e-16,-0.143192697833178,4.96665125741544e-16,0.199375306886762
7.76735094807328e-20,3.63396797828584e-05,9.91116465753111e-16,-0.143192697833178,4.96665125741544e-16,0.199375306886762
7.76735094807328e-20,3.63396797828584e-05,9.91116465753111e-16,-0.143192697833178,4.96665125741544e-16,0.199375306886762
7.76735094807328e-20,3.63396797828584e-05,9.91116465753111e-16,-0.143192697833178,4.96665125741544e-16,0.199375306886762
7.76735094807328e-20,3.63396797828584e-05,9.91116465753111e-16,-0.143192697833178,4.96665125741544e-16,0.199375306886762
7.76735094807328e-20,3.63396797828584e-05,9.91116465753111e-16,-0.143192697833178,4.96665125741544e-16,0.199375306886762
7.76735094807328e-20,3.63396797828584e-05,9.91116465753111e-16,-0.143192697833178,4.96665125741544e-16,0.199375306886762
7.76735094807328e-20,3.63396797828584e-05,9.91116465753111e-16,-0.143192697833178,4.96665125741544e-16,0.199375306886762
7.76735094807328e-20,3.63396797828584e-05,9.91116465753111e-16,-0.143192697833178,4.96665125741544e-16,0.199375306886762
7.76735094807328e-20,3.63396797828584e-05,9.91116465753111e-16,-0.143192697833178,4.96665125741544e-16,0.199375306886762
7.76735094807328e-20,3.63396797828584e-05,9.91116465753111e-16,-0.143192697833178,4.96665125741544e-16,0.199375306886762
7.76735094807328e-20,3.63396797828584e-05,9.91116465753111e-16,-0.143192697833178,4.96665125741544e-16,0.199375306886762
7.76735094807328e-20,3.63396797828584e-05,9.91116465753111e-16,-0.143192697833178,4.96665125741544e-16,0.199375306886762
7.76735094807328e-20,3.63396797828584e-05,9.91116465753111e-16,-0.143192697833178,4.96665125741544e-16,0.199375306886762
7.76735094807328e-20,3.63396797828584e-05,9.91116465753111e-16,-0.143192697833178,4.96665125741544e-16,0.199375306886762
7.76735094807328e-20,3.63396797828584e-05,9.91116465753111e-16,-0.143192697833178,4.96665125741544e-16,0.199375306886762
7.76735094807328e-20,3.63396797828584e-05,9.91116465753111e-16,-0.143192697833178,4.96665125741544e-16,0.199375306886762
7.76735094807328e-20,3.63396797828584e-05,9.91116465753111e-16,-0.143192697833178,4.96665125741544e-16,0.199375306886762
7.76735094807328e-20,3.63396797828584e-05,9.91116465753111e-16,-0.143192697833178,4.96665125741544e-16,0.199375306886762
7.76735094807328e-20,3.63396797828584e-05,9.91116465753111e-16,-0.143192697833178,4.96665125741544e-16,0.199375306886762
7.76735094807328e-20,3.63396797828584e-05,9.91116465753111e-16,-0.143192697833178,4.96665125741544e-16,0.199375306886762
7.76735094807328e-20,3.63396797828584e-05,9.91116465753111e-16,-0.143192697833178,4.96665125741544e-16,0.199375306886762
7.76735094807328e-20,3.63396797828584e-05,9.91116465753111e-16,-0.143192697833178,4.96665125741544e-16,0.199375306886762
7.76735094807328e-20,3.63396797828584e-05,9.91116465753111e-16,-0.143192697833178,4.96665125741544e-16,0.199375306886762
7.76735094807328e-20,3.63396797828584e-05,9.91116465753111e-16,-0.143192697833178,4.96665125741544e-16,0.199375306886762
7.76735094807328e-20,3.63396797828584e-05,9.91116465753111e-16,-0.143192697833178,4.96665125741544e-16,0.199375306886762
7.76735094807328e-20,3.63396797828584e-05,9.91116465753111e-16,-0.143192697833178,4.96665125741544e-16,0.199375306886762
7.76735094807328e-20,3.63396797828584e-05,9.91116465753111e-16,-0.143192697833178,4.96665125741544e-16,0.199375306886762
7.76735094807328e-20,3.63396797828584e-05,9.91116465753111e-16,-0.143192697833178,4.96665125741544e-16,0.199375306886762
7.76735094807328e-20,3.63396797828584e-05,9.91116465753111e-16,-0.143192697833178,4.96665125741544e-16,0.199375306886762
7.76735094807328e-20,3.63396797828584e-05,9.91116465753111e-16,-0.143192697833178,4.96665125741544e-16,0.199375306886762
7.76735094807328e-20,3.63396797828584e-05,9.91116465753111e-16,-0.143192697833178,4.96665125741544e-16,0.199375306886762
7.76735094807328e-20,3.63396797828584e-05,9.91116465753111e-16,-0.143192697833178,4.96665125741544e-16,0.199375306886762
7.76735094807328e-20,3.63396797828584e-05,9.91116465753111e-16,-0.143192697833178,4.96665125741544e-16,0.199375306886762
7.76735094807328e-20,3.63396797828584e-05,9.91116465753111e-16,-0.143192697833178,4.96665125741544e-16,0.199375306886762
7.76735094807328e-20,3.63396797828584e-05,9.91116465753111e-16,-0.143192697833178,4.96665125741544e-16,0.199375306886762
7.76735094807328e-20,3.63396797828584e-05,9.91116465753111e-16,-0.143192697833178,4.96665125741544e-16,0.199375306886762
7.76735094807328e-20,3.63396797828584e-05,9.91116465753111e-16,-0.143192697833178,4.96665125741544e-16,0.199375306886762
7.76735094807328e-20,3.63396797828584e-05,9.91116465753111e-16,-0.143192697833178,4.96665125741544e-16,0.199375306886762
7.76735094807328e-20,3.63396797828584e-05,9.91116465753111e-16,-0.143192697833178,4.96665125741544e-16,0.199375306886762
7.76735094807328e-20,3.63396797828584e-05,9.91116465753111e-16,-0.143192697833178,4.96665125741544e-16,0.199375306886762
7.76735094807328e-20,3.63396797828584e-05,9.91116465753111e-16,-0.143192697833178,4.96665125741544e-16,0.199375306886762
7.76735094807328e-20,3.63396797828584e-05,9.91116465753111e-16,-0.143192697833178,4.96665125741544e-16,0.199375306886762
7.76735094807328e-20,3.63396797828584e-05,9.91116465753111e-16,-0.143192697833178,4.96665125741544e-16,0.199375306886762
7.76735094807328e-20,3.63396797828584e-05,9.91116465753111e-16,-0.143192697833178,4.96665125741544e-16,0.199375306886762
7.76735094807328e-20,3.63396797828584e-05,9.91116465753111e-16,-0.143192697833178,4.96665125741544e-16,0.199375306886762
7.76735094807328e-20,3.63396797828584e-05,9.91116465753111e-16,-0.143192697833178,4.96665125741544e-16,0.199375306886762
7.76735094807328e-20,3.63396797828584e-05,9.91116465753111e-16,-0.143192697833178,4.96665125741544e-16,0.199375306886762
7.76735094807328e-20,3.63396797828584e-05,9.91116465753111e-16,-0.143192697833178,4.96665125741544e-16,0.199375306886762
7.76735094807328e-20,3.63396797828584e-05,9.91116465753111e-16,-0.143192697833178,4.96665125741544e-16,0.199375306886762
7.76735094807328e-20,3.63396797828584e-05,9.91116465753111e-16,-0.143192697833178,4.96665125741544e-16,0.199375306886762
7.76735094807328e-20,3.63396797828584e-05,9.91116465753111e-16,-0.143192697833178,4.96665125741544e-16,0.199375306886762
7.76735094807328e-20,3.63396797828584e-05,9.91116465753111e-16,-0.143192697833178,4.96665125741544e-16,0.199375306886762
7.76735094807328e-20,3.63396797828584e-05,9.91116465753111e-16,-0.143192697833178,4.96665125741544e-16,0.199375306886762
7.76735094807328e-20,3.63396797828584e-05,9.91116465753111e-16,-0.143192697833178,4.96665125741544e-16,0.199375306886762
7.76735094807328e-20,3.63396797828584e-05,9.91116465753111e-16,-0.143192697833178,4.96665125741544e-16,0.199375306886762
7.76733524966419e-20,3.63396797833024e-05,9.91096954238023e-16,-0.14319270161355,4.96664827174275e-16,0.19937529801087
7.76738158910547e-20,3.63396797851898e-05,9.97376830193141e-16,-0.143192734998907,4.96119634985014e-16,0.199375219465292
7.76727560767562e-20,3.63396797851899e-05,9.97420477162035e-16,-0.14319282570553,4.96105026382576e-16,0.199375004964425
7.76712838566657e-20,3.633967978494e-05,9.9746702957163e-16,-0.14319299931297,4.96097058252576e-16,0.19937459107095
7.76726908225641e-20,3.63396797828584e-05,9.97370066911107e-16,-0.14319327915119,4.96102056519249e-16,0.199373916494288
7.76739083049288e-20,3.63396797840241e-05,1.0045936169672e-15,-0.143193686222483,4.95453913175146e-16,0.199372921457226
7.76746172280315e-20,3.6339679783358e-05,1.01256193363007e-15,-0.143194239158257,4.94747547247358e-16,0.199371547118213
7.76759726475284e-20,3.63396797868274e-05,1.0523902311303e-15,-0.143194954209732,4.9128869660579e-16,0.199369735038075
7.76743822166404e-20,3.63396797841629e-05,1.05235692236153e-15,-0.143195845270885,4.91292697103241e-16,0.199367426680847
7.76721515872607e-20,3.63396797838575e-05,1.05259922052788e-15,-0.143196923931157,4.91294107619461e-16,0.199364562939019
7.76689509554524e-20,3.63396797860225e-05,1.06006685029369e-15,-0.143198199555045,4.90667386932487e-16,0.199361083673835
7.76664578725608e-20,3.63396797869107e-05,1.06411328533539e-15,-0.143199679385181,4.90305957576692e-16,0.199356927261376
7.76624733664338e-20,3.63396797869662e-05,1.064141068045e-15,-0.143201368665369,4.90339694450365e-16,0.199352030134974
7.76622063344162e-20,3.63396797865221e-05,1.06419868795499e-15,-0.143203270779895,4.9030611872195e-16,0.1993463263141
7.76655241449946e-20,3.63396797852454e-05,1.06423288686148e-15,-0.143205387405497,4.90300294478824e-16,0.199339746909094
7.76655490251835e-20,3.6339679786994e-05,1.06417139839982e-15,-0.143207718672475,4.90297620503512e-16,0.199332219590055
7.76603491404921e-20,3.63396797859947e-05,1.06420320606993e-15,-0.143210263331723,4.9026730763568e-16,0.199323668006721
7.76565260055938e-20,3.63396797870772e-05,1.06414347558235e-15,-0.143213018924689,4.90231935265884e-16,0.199314011144137
7.76486662392244e-20,3.63396797868829e-05,1.06414483957581e-15,-0.143215981953697,4.90229680577812e-16,0.199303162596263
7.76503505276402e-20,3.63396797863278e-05,1.06406416321773e-15,-0.143219148050435,4.90245984416723e-16,0.199291029736206
7.76484724318887e-20,3.63396797859393e-05,1.06404292546243e-15,-0.143222512140799,4.90275907468765e-16,0.199277512757161
7.76472871048815e-20,3.63396797855507e-05,1.06426909328401e-15,-0.143226068604798,4.90219478937144e-16,0.199262503552176
7.76477421546105e-20,3.63396797853564e-05,1.06483967153154e-15,-0.143229811430548,4.90218155374545e-16,0.199245884392964
7.76331969745989e-20,3.63396797851344e-05,1.06486804656841e-15,-0.143233734361903,4.90192705807985e-16,0.199227526357544
7.76396772180625e-20,3.63396797862446e-05,1.06391667747115e-15,-0.143237831039648,4.90195770943741e-16,0.199207287442557
7.76505595249395e-20,3.63396797869384e-05,1.06570935319316e-15,-0.143242095136608,4.90049094210877e-16,0.199185010277388
7.76010764177584e-20,3.63396797882707e-05,1.07179120490294e-15,-0.143246520487447,4.89532676408135e-16,0.199160519331743
7.76004129383611e-20,3.63396797890201e-05,1.07333687304999e-15,-0.1432511012144,4.8938677289276e-16,0.199133617473363
7.76004809344019e-20,3.63396797871327e-05,1.07279625128315e-15,-0.143255831850618,4.89398711443499e-16,0.199104081683867
7.75965356396084e-20,3.63396797895475e-05,1.07276001045356e-15,-0.14326070746336,4.89328080376966e-16,0.199071657672048
7.75968944183323e-20,3.63396797895197e-05,1.07282329801972e-15,-0.143265723779915,4.89359515824373e-16,0.199036053025581
7.75961305249512e-20,3.63396797904634e-05,1.07285628719718e-15,-0.143270877319835,4.89336462020077e-16,0.19899692839887
7.75976034745071e-20,3.63396797906854e-05,1.07292179874646e-15,-0.143276165538098,4.8925143209336e-16,0.19895388602224
7.75974493274359e-20,3.63396797906854e-05,1.07282525391787e-15,-0.143281586984995,4.89330409544117e-16,0.198906454495941
7.7595489060575e-20,3.63396797899083e-05,1.07279833944154e-15,-0.143287141490162,4.89307656056572e-16,0.198854068334147
7.75890184159605e-20,3.63396797913793e-05,1.0728167544427e-15,-0.143292830380206,4.89362739093779e-16,0.198796039932504
7.75937447842255e-20,3.63396797883262e-05,1.0727915302323e-15,-0.143298656741941,4.89338247772913e-16,0.198731520338902
7.75946456723791e-20,3.63396797877711e-05,1.0727268191294e-15,-0.14330462574615,4.89258391825461e-16,0.198659443022563
7.75915574010932e-20,3.63396797874103e-05,1.07278876263319e-15,-0.143310745049275,4.8914422640649e-16,0.198578441009355
7.75911711307205e-20,3.63396797859115e-05,1.07288899827342e-15,-0.143317025290028,4.89115743310626e-16,0.198486720753136
7.75938238003294e-20,3.63396797850788e-05,1.072787780023e-15,-0.143323480686694,4.89192976086644e-16,0.198381862661385
7.75935387454393e-20,3.63396797839964e-05,1.07259154645748e-15,-0.143330129695511,4.89351762310019e-16,0.198260490757359
7.75854783889422e-20,3.63396797834968e-05,1.12786968928332e-15,-0.143336995536877,4.84399689016392e-16,0.198117693851066
7.75666211354014e-20,3.6339679783136e-05,1.1377867526122e-15,-0.143344105886398,4.83619678924956e-16,0.197945936735472
7.75837731529532e-20,3.63396797826641e-05,1.14106696516564e-15,-0.143351489236412,4.83447064462877e-16,0.197732814792063
7.75622309186957e-20,3.63396797825531e-05,1.1412140129844e-15,-0.143359158351194,4.83322578524298e-16,0.197455809787879
7.75558964087763e-20,3.63396797803048e-05,1.14127245643368e-15,-0.143367037246125,4.83013736834264e-16,0.197067640079785
7.75550557752768e-20,3.63396797818036e-05,1.14179836934342e-15,-0.143374562892236,4.827527491285e-16,0.196441870447023
7.75105381175833e-20,3.63396797805546e-05,1.14188401501559e-15,-0.143376892439853,4.82474864658176e-16,0.195023285191928
7.73219967672834e-20,3.63396797802771e-05,1.13148916298331e-15,-0.142932155732191,4.8024927968044e-16,0.172479312927122
7.73195598690725e-20,3.6339679779722e-05,1.13147239401452e-15,-0.14292067633548,4.80078838435742e-16,0.172295689631867
7.73193607743481e-20,3.63396797803603e-05,1.13147619328153e-15,-0.142908322217652,4.80134101352748e-16,0.172067884986258
7.73178433963601e-20,3.63396797804575e-05,1.13150910758066e-15,-0.142894700721447,4.80222190855352e-16,0.171770541671314
7.73166999841511e-20,3.63396797795138e-05,1.13150870489779e-15,-0.142879087438447,4.80186035565215e-16,0.171348318523785
7.7315992975073e-20,3.63396797793334e-05,1.13149665790437e-15,-0.142859918016548,4.80295418635526e-16,0.17064243507898
7.73133028348798e-20,3.63396797792718e-05,1.13152560538385e-15,-0.142833475324265,4.80399845227032e-16,0.168820235071562
6.22992877164666e-20,3.63396797805269e-05,9.1623061251781e-16,-0.201992300595046,5.54650261266275e-16,-0.14434245206585
6.26887845145078e-20,3.63396797801938e-05,9.26490286657098e-16,-0.201916092622732,5.50868480197582e-16,-0.1443882405007
6.30906773729681e-20,3.63396797808877e-05,9.24642638460866e-16,-0.20187461835548,5.49119443986341e-16,-0.144415109289783
6.25882523147224e-20,3.63396797812208e-05,9.09213116972507e-16,-0.201876818393147,5.49347090076899e-16,-0.14441366032734
6.35223838122502e-20,3.63396797806379e-05,9.00604840014685e-16,-0.201919597352466,5.47197414638029e-16,-0.144385782832683
6.30841062262549e-20,3.63396797804159e-05,8.99030420243269e-16,-0.201990072834084,5.45382628436704e-16,-0.144342875499601
6.25086028429593e-20,3.63396797809432e-05,9.08325989231045e-16,-0.202074485147567,5.42108595519666e-16,-0.144296294995706
6.22487108987832e-20,3.63396797806934e-05,8.66855668553652e-16,-0.202163202048112,5.45352543119892e-16,-0.144252614536631
6.21871889414589e-20,3.63396797816649e-05,8.4535706586388e-16,-0.202250688775741,5.46920557905702e-16,-0.144214427443679
6.22432880048385e-20,3.63396797816371e-05,8.15850742157866e-16,-0.202334063786392,5.49573618336195e-16,-0.144182215469838
6.19801182168261e-20,3.63396797814151e-05,7.81777037091942e-16,-0.202411947397084,5.53255239846371e-16,-0.14415556655343
6.20577317012847e-20,3.63396797805269e-05,6.81274743874086e-16,-0.202483782684147,5.65726886206867e-16,-0.144133771684336
6.19281281692648e-20,3.63396797819702e-05,6.9440142007145e-16,-0.2025494652124,5.62914627717212e-16,-0.144116082779422
6.18588974772836e-20,3.63396797807212e-05,6.42323529902165e-16,-0.202609141580919,5.6920990025328e-16,-0.144101812578254
6.17078803092117e-20,3.63396797816371e-05,4.45419731136911e-16,-0.202663096562077,5.95157780812567e-16,-0.144090365493362
6.16724613615618e-20,3.63396797815816e-05,4.98668219080589e-16,-0.202711687300238,5.87394677181661e-16,-0.144081239715608
6.1547605149605e-20,3.63396797815539e-05,4.89239696076311e-16,-0.202755303491449,5.88191829468286e-16,-0.14407401835351
6.16856316932091e-20,3.6339679782109e-05,5.79236195609385e-16,-0.202794342677056,5.75703047559889e-16,-0.144068357327281
6.16960573493072e-20,3.63396797818869e-05,5.56620591112944e-16,-0.202829194828232,5.78530581144209e-16,-0.144063973266122
6.16949879485581e-20,3.63396797813041e-05,6.55956136254373e-16,-0.20286023292129,5.64827599976063e-16,-0.144060632661785
6.17502786379426e-20,3.63396797813318e-05,5.67348483876506e-16,-0.202887807506251,5.76713999936877e-16,-0.144058142644528
6.17529277806712e-20,3.63396797809155e-05,5.96883106501607e-16,-0.202912243980116,5.72481988511726e-16,-0.144056343364278
6.17280657860835e-20,3.63396797811375e-05,5.89663825095316e-16,-0.202933841690727,5.73301597552743e-16,-0.144055101808226
6.17507875373663e-20,3.63396797816094e-05,6.10299683193697e-16,-0.202952874259092,5.70424307808125e-16,-0.144054306840961
6.17466038740151e-20,3.63396797813041e-05,6.06515010606294e-16,-0.202969590685587,5.70853905430122e-16,-0.144053865255555
6.17339281710417e-20,3.63396797812208e-05,5.96856585008873e-16,-0.202984216931619,5.72143812719117e-16,-0.144053698645773
6.1742669272853e-20,3.63396797814428e-05,5.89700032421569e-16,-0.202996957760451,5.73059523990498e-16,-0.144053740937314
6.17338702494253e-20,3.63396797814706e-05,5.87564198518937e-16,-0.20300799868865,5.73359625288103e-16,-0.144053936443488
6.1724499417874e-20,3.63396797816371e-05,5.87815578453601e-16,-0.203017507949383,5.73297914672468e-16,-0.144054238335456
6.17266684112694e-20,3.63396797827474e-05,5.87709100267484e-16,-0.20302563840498,5.7328092717648e-16,-0.144054607438205
6.17326295263157e-20,3.63396797820257e-05,5.87624578000187e-16,-0.203032529372138,5.73260752620154e-16,-0.14405501128077
6.17205766919324e-20,3.63396797820535e-05,5.87340018582507e-16,-0.203038308341491,5.73275869246642e-16,-0.144055423343257
6.17171899614265e-20,3.63396797821367e-05,5.86933434485731e-16,-0.203043092586025,5.73307394936637e-16,-0.14405582245443
6.17174800104179e-20,3.63396797827751e-05,5.86882682935155e-16,-0.203046990661587,5.73291254899687e-16,-0.144056192302452
6.17127687481116e-20,3.63396797824976e-05,5.90467032112348e-16,-0.20305010380858,5.72789807885688e-16,-0.144056521028343
6.17052447060363e-20,3.63396797822478e-05,5.9096454829081e-16,-0.203052527268007,5.72683438358549e-16,-0.144056800877141
6.17055511340269e-20,3.63396797817204e-05,5.91036469859358e-16,-0.203054351527733,5.72668321440451e-16,-0.144057027885998
6.17051316526318e-20,3.63396797818869e-05,5.85214855357035e-16,-0.203055663516912,5.73445682543758e-16,-0.144057201591704
6.17070084187251e-20,3.63396797820257e-05,5.89688313082754e-16,-0.203056547768269,5.72840466408548e-16,-0.14405732474269
6.17070575717871e-20,3.63396797825808e-05,5.85666522071297e-16,-0.203057087569654,5.73381479692496e-16,-0.144057403002442
6.1706675348527e-20,3.63396797825531e-05,5.80219898157164e-16,-0.203057366128306,5.74117150993186e-16,-0.144057444632664
6.17069250037268e-20,3.63396797830249e-05,5.77388500231446e-16,-0.203057467773768,5.7450129648724e-16,-0.144057460145485
6.17068032282738e-20,3.633967978222e-05,5.77533924821956e-16,-0.203057479228652,5.74481239862068e-16,-0.144057461914447
6.17068032282738e-20,3.633967978222e-05,5.77533924821956e-16,-0.203057479228652,5.74481239862068e-16,-0.144057461914447
9.4424316647505e-20,3.63396797828416e-05,5.77608709167596e-16,-0.203058375270222,-1.69518081950838e-09,-0.144057461898166
1.87836048566001e-19,3.63396797826399e-05,5.81023947271472e-16,-0.203066294305321,-4.62860214607113e-08,-0.144057461754281
3.11256997522638e-19,3.63396797829371e-05,5.76795560714768e-16,-0.203087850941034,-2.46887420867631e-07,-0.144057461362718
7.25130743554791e-19,3.63396797836785e-05,5.64218810444447e-16,-0.203129233542262,-7.81393311640477e-07,-0.144057460611928
2.04626838051971e-19,3.63396797827013e-05,5.5771366355611e-16,-0.203196210017565,-1.88392272640455e-06,-0.14405745940064
9.00575063567439e-19,3.63396797827279e-05,6.03683319677082e-16,-0.203294133034387,-3.83657976552098e-06,-0.144057457641272
3.79329349017829e-19,3.63396797838122e-05,5.95009731819828e-16,-0.203427944891952,-6.96151232705329e-06,-0.144057455265274
-4.81575907845076e-19,3.63396797825537e-05,6.55725527339913e-16,-0.203602182255148,-1.16132639935398e-05,-0.144057452230506
-3.07514807203903e-20,3.63396797821684e-05,6.97356662607251e-16,-0.203820980928764,-1.81714212755497e-05,-0.144057448530594
8.2177738470578e-19,3.63396797824137e-05,6.97355706799485e-16,-0.204088080828314,-2.70335646135968e-05,-0.144057444206104
2.17002671359713e-18,3.6339679783414e-05,6.90425756916618e-16,-0.204406831281508,-3.86085362590181e-05,-0.144057439357241
3.05966188267524e-19,3.63396797823033e-05,7.42449119117359e-16,-0.204780196772924,-5.3310041489574e-05,-0.144057434157727
1.47709626184561e-18,3.63396797831415e-05,7.35487379476336e-16,-0.20521076322396,-7.15506016931551e-05,-0.144057428869448
1.64916322396421e-19,3.63396797827564e-05,6.52209760749547e-16,-0.205700744880389,-9.37358787704493e-05,-0.144057423857421
-6.59359352145659e-19,3.63396797825805e-05,6.17535614627016e-16,-0.206251991861302,-0.000120259390203599,-0.144057419604628
-8.09745432576338e-19,3.63396797826154e-05,6.73043054167981e-16,-0.206865998405381,-0.000151497633092026,-0.144057416726264
-1.8503927123605e-18,3.63396797820731e-05,7.28552162832513e-16,-0.207543911834106,-0.000187805633648196,-0.144057415982962
-1.69582433100843e-18,3.63396797826254e-05,8.04947230853509e-16,-0.208286542236108,-0.00022951293614713,-0.144057418292609
-4.95902514157036e-18,3.63396797815469e-05,7.90926535342846e-16,-0.20909437286275,-0.000276920042282132,-0.144057424740374
-4.02736892767891e-18,3.63396797817409e-05,8.04603345333707e-16,-0.209967571212512,-0.000330295308446293,-0.14405743658666
-2.03034551959387e-18,3.63396797814758e-05,8.46431284269421e-16,-0.210906000770101,-0.00038987230467739,-0.144057455272718
2.17630532238777e-18,3.63396797820906e-05,9.85241221516734e-16,-0.211909233356683,-0.000455847635122953,-0.144057482423718
3.7730885568906e-19,3.63396797824706e-05,9.15535982259672e-16,-0.212976562038743,-0.000528379215842869,-0.144057519849161
6.37850698958035e-18,3.63396797830357e-05,8.73491709580416e-16,-0.21410701453635,-0.000607585001852581,-0.144057569540516
-8.09876380158986e-18,3.63396797833911e-05,8.32205603113847e-16,-0.215299367065704,-0.000693542151445661,-0.144057633666077
-3.98295681984505e-18,3.63396797828474e-05,7.7767046014706e-16,-0.216552158546784,-0.000786286612257216,-0.144057714563044
-3.05614125072932e-18,3.63396797829664e-05,7.48894389076109e-16,-0.217863705103821,-0.000885813110168629,-0.144057814726896
1.45739271408234e-18,3.6339679782795e-05,6.37779813655203e-16,-0.219232114784719,-0.000992075519177993,-0.144057936798148
-9.73906011569713e-19,3.63396797825533e-05,6.0851632281869e-16,-0.220655302425098,-0.00110498758775947,-0.144058083546635
-1.67781215488753e-18,3.6339679781854e-05,5.56139203930946e-16,-0.22213100458316,-0.00122442399504124,-0.144058257853476
1.52977672245381e-18,3.63396797820908e-05,5.22891292204358e-16,-0.22365679447321,-0.00135022170838088,-0.144058462690916
1.65548198013281e-18,3.63396797810787e-05,4.96811786980096e-16,-0.225230096828215,-0.0014821816126368,-0.144058701100235
-2.34232665186619e-19,3.63396797818344e-05,6.08104471138282e-16,-0.226848202625143,-0.0016200703805839,-0.14405897616794
7.06481051786814e-18,3.63396797817849e-05,5.27092101331869e-16,-0.228508283610446,-0.00176362255344991,-0.144059291000493
7.18909104447801e-18,3.63396797818973e-05,2.73249390876053e-16,-0.230207406568197,-0.00191254280065668,-0.144059648697766
1.22223889454087e-17,3.63396797823582e-05,1.36488070566473e-16,-0.231942547277769,-0.00206650832811692,-0.144060052325505
1.56608427800556e-17,3.63396797825996e-05,2.79813371446692e-16,-0.233710604113648,-0.00222517140525199,-0.144060504887017
2.39115279098937e-17,3.63396797830112e-05,1.60376779871059e-16,-0.235508411245526,-0.00238816198193837,-0.144061009294331
3.35081073603941e-17,3.63396797834696e-05,5.4456852588264e-16,-0.237332751402372,-0.00255509036788587,-0.144061568339082
1.35041668078543e-17,3.63396797820963e-05,4.31667187612921e-16,-0.239180368170189,-0.00272554994855829,-0.144062184663353
2.89551951116197e-17,3.63396797837845e-05,3.1828510424693e-16,-0.241047977798873,-0.00289911991347518,-0.144062860730716
1.9176283486445e-17,3.63396797836832e-05,3.39595394104957e-16,-0.242932280499017,-0.00307536797458103,-0.144063598797719
5.85215940810595e-18,3.63396797833935e-05,6.12711572500283e-16,-0.244829971215649,-0.00325385305448894,-0.144064400886059
1.78200213229664e-17,3.63396797830126e-05,5.44127586027595e-16,-0.246737749870273,-0.0034341279262724,-0.144065268755657
3.09916197146332e-17,3.63396797840475e-05,6.59037999873398e-16,-0.248652331068425,-0.00361574178872156,-0.144066203878897
3.09010182394849e-17,3.63396797849074e-05,4.72410857038396e-16,-0.250570453274107,-0.00379824276292734,-0.14406720741624
2.03982858261958e-17,3.63396797852038e-05,5.87508858702873e-16,-0.252488887457142,-0.00398118029814022,-0.144068280193439
1.3169085889303e-17,3.63396797847684e-05,1.5710245570005e-16,-0.254404445223242,-0.00416410747673979,-0.144069422680583
2.30147785232565e-17,3.63396797854963e-05,1.1730379543012e-16,-0.256313986440172,-0.00434658320999446,-0.144070634973175
2.60868395717652e-17,3.63396797855008e-05,1.84670695553937e-18,-0.258214426376797,-0.00452817431806338,-0.144071916775449
2.33254834678258e-17,3.63396797868022e-05,-8.12555661643326e-17,-0.260102742374439,-0.00470845748925193,-0.144073267386121
1.70941069786726e-17,3.63396797867529e-05,-2.72996638350022e-16,-0.261975980072133,-0.00488702111494073,-0.144074685686755
2.66342647057421e-17,3.63396797867559e-05,-3.57316894980317e-16,-0.26383125920984,-0.00506346699799466,-0.144076170132905
4.86589661685933e-17,3.63396797864508e-05,-5.01300812439613e-16,-0.265665779034692,-0.00523741193349167,-0.144077718748198
3.34749730553196e-17,3.6339679786212e-05,-5.88148458392182e-16,-0.267476823337128,-0.00540848916170205,-0.144079329121474
4.62317412551748e-17,3.63396797861189e-05,-7.02315870737066e-16,-0.269261765144206,-0.00557634969397625,-0.14408099840711
3.14629429402035e-17,3.63396797865756e-05,-7.02655627618394e-16,-0.271018071098298,-0.00574066351297624,-0.144082723328622
4.06704927092925e-17,3.63396797867793e-05,-4.97735337007716e-16,-0.272743305549385,-0.00590112064914599,-0.144084500185617
3.03714438477098e-17,3.63396797861155e-05,-3.84695829986935e-16,-0.274435134389315,-0.00605743213578294,-0.144086324864142
5.66830688344045e-17,3.6339679786374e-05,-4.79875364816869e-16,-0.276091328656115,-0.00620933084534001,-0.144088192850472
6.80414949363306e-17,3.63396797875925e-05,-4.40648990625931e-16,-0.277709767936028,-0.00635657220978216,-0.144090099248341
4.55209984863564e-17,3.63396797877549e-05,-3.91737580614937e-16,-0.279288443590387,-0.00649893482792832,-0.144092038799601
3.88931158837028e-17,3.63396797878654e-05,-4.96510853058657e-16,-0.280825461833706,-0.00663622096272029,-0.14409400590829
4.93423769000981e-17,3.63396797890117e-05,-3.59892336225191e-16,-0.282319046688415,-0.00676825693130002,-0.144095994668039
4.63302789460983e-17,3.63396797889325e-05,-5.77582301556105e-16,-0.283767542840981,-0.00689489339071342,-0.144097998892773
5.80486770136392e-17,3.63396797893776e-05,-3.24794672520989e-16,-0.285169418423268,-0.00701600552193987,-0.1441000121506
4.8811342783318e-17,3.63396797888269e-05,-6.33869258812101e-16,-0.28652326774173,-0.00713149311472774,-0.144102027800801
6.1444640695733e-17,3.63396797888267e-05,-8.30814718083426e-16,-0.287827813976723,-0.00724128055564412,-0.144104039033796
6.75346794703175e-17,3.63396797891049e-05,-8.01331386935692e-16,-0.289081911872891,-0.00734531672148677,-0.144106038913963
8.08018821915722e-17,3.63396797898041e-05,-8.60174595726804e-16,-0.290284550441296,-0.00744357478009698,-0.144108020425156
8.14334724770772e-17,3.63396797907382e-05,-6.9335184415381e-16,-0.291434855693123,-0.00753605190039988,-0.144109976518777
6.59908477718167e-17,3.63396797899712e-05,-6.9564911565371e-16,-0.292532093424517,-0.00762276887335599,-0.144111900164215
7.1300668433041e-17,3.63396797909455e-05,-7.75649013172279e-16,-0.293575672071688,-0.00770376964531294,-0.144113784401471
6.67110150842628e-17,3.63396797913136e-05,-6.36066616743865e-16,-0.294565145655425,-0.00777912076509405,-0.144115622395777
5.97203521747379e-17,3.63396797911831e-05,-6.37858324313368e-16,-0.295500216834252,-0.00784891074596803,-0.144117407493962
7.38207217482695e-17,3.63396797918157e-05,-5.68818883392581e-16,-0.296380740085475,-0.00791324934340478,-0.14411913328235
6.44070888236844e-17,3.63396797914579e-05,-4.98598863717749e-16,-0.297206725034013,-0.00797226674928799,-0.144120793645919
7.78944643683274e-17,3.63396797921758e-05,-4.58260188336133e-16,-0.297978339949258,-0.00802611270293213,-0.144122382828438
6.49644660690526e-17,3.63396797927557e-05,-3.74928369830224e-16,-0.298695915430801,-0.00807495551883779,-0.144123895493285
7.16791302584208e-17,3.63396797926403e-05,-4.02640514105781e-16,-0.299359948304688,-0.00811898103066589,-0.144125326784604
5.86700024688381e-17,3.63396797927954e-05,-4.43585928334549e-16,-0.299971105752275,-0.00815839145025644,-0.144126672388453
4.14660753879771e-17,3.63396797917722e-05,-4.29696682794664e-16,-0.300530229694499,-0.00819340413980211,-0.14412792859355
5.96768650847408e-17,3.63396797933563e-05,-2.64101029238837e-16,-0.301038341454669,-0.00822425029436031,-0.144129092351212
7.62814461432879e-17,3.63396797931314e-05,-4.65073761115148e-16,-0.301496646722909,-0.00825117353079772,-0.144130161334024
6.9777576186327e-17,3.633967979356e-05,-6.38532895484156e-16,-0.301906540845205,-0.00827442837799986,-0.144131133992779
6.49171571537517e-17,3.6339679793917e-05,-4.37131608735934e-16,-0.302269614458868,-0.00829427866166662,-0.144132009611151
7.28815933848472e-17,3.63396797942083e-05,-4.51041542358095e-16,-0.302587659494793,-0.00831099577534993,-0.14413278835758
6.79502098119394e-17,3.63396797946289e-05,-5.72452988840519e-16,-0.302862675564246,-0.00832485682747936,-0.14413347133374
4.73758080996324e-17,3.63396797951007e-05,-5.30786705230551e-16,-0.30309687674431,-0.00833614265203398,-0.144134060618994
7.71830038736031e-17,3.6339679795158e-05,-4.57993324968299e-16,-0.303292698771208,-0.0083451356682611,-0.144134559310117
3.11073008322763e-17,3.63396797956138e-05,-5.25633807523881e-16,-0.303452806644288,-0.0083521175724388,-0.144134971555583
6.02440058204248e-17,3.63396797952351e-05,-4.54507019615958e-16,-0.303580102635345,-0.00835736684219907,-0.1441353025836
4.91312388792154e-17,3.63396797946685e-05,-4.85723849196061e-16,-0.303677734687942,-0.00836115603141565,-0.144135558723062
4.88367431341927e-17,3.63396797941479e-05,-5.89803029751684e-16,-0.303749105179243,-0.00836374883121839,-0.144135747416486
7.19578938187557e-17,3.63396797954929e-05,-5.55978976363133e-16,-0.303797880002543,-0.00836539687041192,-0.144135877223956
5.46811865954253e-17,3.63396797958719e-05,-6.28403097152933e-16,-0.303827997911865,-0.00836633622658965,-0.144135957817027
6.65430049987121e-17,3.6339679796221e-05,-6.65482040694382e-16,-0.303843680050749,-0.00836678361768481,-0.144135999961468
7.29125070257678e-17,3.63396797963678e-05,-8.18137473492322e-16,-0.303849439565578,-0.00836693224276233,-0.144136015487681
5.43789687882202e-17,3.63396797956564e-05,-6.38378586090711e-16,-0.303850091179439,-0.00836694724073504,-0.144136017247571
8.51434246573284e-17,3.63396797956027e-05,-6.71854232500328e-16,-0.303850091179439,-0.00836694724073501,-0.144136017247571
6.47276594266242e-17,3.6339679796718e-05,-5.88588247587173e-16,-0.303850078189656,-0.00836694719921364,-0.14413601864242
6.82899423137993e-17,3.63396797963418e-05,-7.82877147297636e-16,-0.303849963218838,-0.00836694683051539,-0.14413603087038
6.04577149001138e-17,3.63396797956067e-05,-7.82877431927332e-16,-0.303849648891321,-0.00836694581264371,-0.144136063549262
4.44874526332441e-17,3.63396797954402e-05,-6.71855709746242e-16,-0.303849041126207,-0.00836694381253476,-0.144136124475583
5.13033612097638e-17,3.63396797947831e-05,-8.38388915778121e-16,-0.303848047606168,-0.00836694046856407,-0.144136219113387
8.07156711015193e-17,3.63396797963823e-05,-8.93898998515872e-16,-0.303846576352845,-0.00836693537177698,-0.144136350126394
7.0658821634171e-17,3.63396797955514e-05,-9.21654939235527e-16,-0.30384453436936,-0.00836692804440748,-0.14413651693762
6.23958287589448e-17,3.63396797960725e-05,-9.49410815198116e-16,-0.303841826316096,-0.00836691791403491,-0.14413671530027
7.85657085738189e-17,3.63396797960428e-05,-1.00492137842883e-15,-0.303838353190513,-0.00836690428133277,-0.144136936862585
6.78173295008086e-17,3.63396797968414e-05,-9.49410617775442e-16,-0.30383401098599,-0.00836688627874889,-0.144137168707356
6.59901725384436e-17,3.63396797963189e-05,-9.77166258882609e-16,-0.303828689309078,-0.00836686281653636,-0.144137392844053
6.77573268014935e-17,3.63396797972062e-05,-9.49410619189037e-16,-0.303822269940026,-0.00836683251121514,-0.144137585627858
5.20641580124985e-17,3.63396797975042e-05,-9.49411189078887e-16,-0.303814625329094,-0.00836679358959844,-0.144137717075281
6.24580330631093e-17,3.63396797961117e-05,-1.00492196108158e-15,-0.303805617032873,-0.00836674375868755,-0.144137750040497
8.71450516815881e-17,3.63396797970136e-05,-1.06043221655384e-15,-0.303795094113136,-0.00836668002760239,-0.144137639210253
4.16477767518296e-17,3.63396797964134e-05,-1.00492271872179e-15,-0.303782891550012,-0.00836659846165888,-0.144137329868588
8.11868863186028e-17,3.63396797966673e-05,-9.4941013101753e-16,-0.303768828767877,-0.00836649383977098,-0.144136756377182
5.28700822393268e-17,3.63396797963646e-05,-9.49411158650957e-16,-0.303752708446924,-0.00836635917314544,-0.14413584031552
5.93040980159276e-17,3.63396797962358e-05,-1.06043322712803e-15,-0.303734315912058,-0.00836618502367969,-0.144134488233117
4.66427219626094e-17,3.63396797957326e-05,-9.21655807489692e-16,-0.303713419579769,-0.00836595853153994,-0.144132588995081
7.08406008385953e-17,3.63396797957213e-05,-1.08818838247073e-15,-0.303689773243738,-0.00836566201893791,-0.144130010774054
5.37043130771215e-17,3.63396797958166e-05,-1.00492227762666e-15,-0.303663121454824,-0.00836527097582474,-0.144126597897128
8.06501065313112e-17,3.63396797950877e-05,-1.31023263248714e-15,-0.303633209997611,-0.00836475114766298,-0.144122168071704
6.06152983512203e-17,3.63396797958704e-05,-1.11594433573383e-15,-0.303599804623894,-0.00836405433397799,-0.144116511126639
4.75015786835008e-17,3.63396797957442e-05,-1.17145596312289e-15,-0.30356272295598,-0.00836311238245945,-0.144109391552039
6.41247379600413e-17,3.63396797962028e-05,-1.06043305460742e-15,-0.303521886997238,-0.00836182878496668,-0.144100559184035
8.14798628673113e-17,3.63396797959573e-05,-1.17145472622591e-15,-0.303477406965064,-0.00836006742091522,-0.144089775876425
5.9886234661814e-17,3.63396797967822e-05,-1.14369993893123e-15,-0.303429710399619,-0.00835763878276511,-0.144076871317336
8.41435400626929e-17,3.63396797965936e-05,-1.17145462651778e-15,-0.303379730663902,-0.00835428640016352,-0.144061847442268
6.14711693127458e-17,3.63396797973211e-05,-1.28247775187652e-15,-0.303329157708496,-0.00834968181047225,-0.144045052863798
3.8413737279881e-17,3.63396797969852e-05,-1.2824785696202e-15,-0.303280713642484,-0.00834344693881721,-0.144027429939832
8.54821362517191e-17,3.63396797967268e-05,-1.28247685243217e-15,-0.303238322071913,-0.00833523535145024,-0.144010764565031
3.7450032789664e-17,3.63396797968859e-05,-1.14370071736885e-15,-0.303206899988417,-0.0083248999725776,-0.143997719000371
4.88785299321391e-17,3.63396797966847e-05,-1.1437002963713e-15,-0.303191453229226,-0.0083127142059365,-0.14399130308763
7.75671057375495e-17,3.63396797963445e-05,-1.28247713171348e-15,-0.303195510408137,-0.00829948929326152,-0.143993682597394
8.1148040983361e-17,3.63396797964888e-05,-1.14369912542663e-15,-0.303219712450625,-0.00828639371008594,-0.14400499773921
2.70935613800046e-17,3.63396797964388e-05,-1.14370108623547e-15,-0.303261661011324,-0.00827452061175582,-0.144023260620037
4.66736642949794e-17,3.63396797971201e-05,-1.25472267219599e-15,-0.303317113879061,-0.0082645318292553,-0.144045433861244
6.65195969747279e-17,3.63396797975799e-05,-1.31023309173889e-15,-0.303381491819899,-0.00825660038894185,-0.14406867409768
7.43031231796891e-17,3.63396797982205e-05,-1.3657439584429e-15,-0.303450826122729,-0.00825056409520217,-0.144090958977035
6.37366184538934e-17,3.63396797976302e-05,-1.2547220285174e-15,-0.303522060705953,-0.0082461091174981,-0.144111125162259
6.81356136649881e-17,3.63396797981794e-05,-1.36574417182563e-15,-0.30359299631482,-0.00824289472628072,-0.144128653196124
8.18435099702937e-17,3.63396797984662e-05,-1.19921022002936e-15,-0.303662120946771,-0.00824061500033038,-0.144143429192445
7.84880319470435e-17,3.63396797989876e-05,-1.17145476557164e-15,-0.303728439985067,-0.00823902001355298,-0.144155564054986
5.08011368691876e-17,3.63396797979589e-05,-1.33798922231363e-15,-0.303791338785288,-0.00823791656568449,-0.144165276194642
4.23022681286196e-17,3.63396797980724e-05,-1.28247838846739e-15,-0.303850478702176,-0.00823716056402524,-0.144172822069576
5.54725161711405e-17,3.63396797995087e-05,-1.25472234042305e-15,-0.303905719515935,-0.00823664719152629,-0.144178458079306
6.01878099301586e-17,3.63396797993262e-05,-1.31023331892491e-15,-0.303957061312144,-0.00823630158420743,-0.14418242162471
4.79327896124892e-17,3.6339679799075e-05,-1.171455885219e-15,-0.30400460069521,-0.0082360710082042,-0.144184923328658
8.34393990781845e-17,3.63396797983399e-05,-1.31023247270393e-15,-0.304048497818217,-0.00823591871510649,-0.144186145438641
5.15622802347852e-17,3.63396797985412e-05,-1.31023363210187e-15,-0.304088951768172,-0.00823581931257113,-0.14418624341647
7.10047022755885e-17,3.63396797977081e-05,-1.28247735034603e-15,-0.304126182482793,-0.0082357553750722,-0.144185348967223
6.32418202731408e-17,3.63396797980698e-05,-1.25472205737339e-15,-0.304160417768756,-0.00823571501332414,-0.144183573525938
6.17304179273415e-17,3.6339679797779e-05,-1.39349999008325e-15,-0.304191884263032,-0.00823569015755765,-0.144181011682035
5.18903758277705e-17,3.63396797981453e-05,-1.42125592304491e-15,-0.304220801391922,-0.00823567535861557,-0.144177744292555
6.42644590166639e-17,3.63396797984139e-05,-1.39349989736093e-15,-0.304247377563646,-0.00823566695762827,-0.144173841189244
6.49290628785443e-17,3.63396797985681e-05,-1.50452217529223e-15,-0.304271807987737,-0.00823566251444846,-0.144169363467355
8.58335537756598e-17,3.63396797979569e-05,-1.50452141548609e-15,-0.304294273649613,-0.00823566041593202,-0.144164365385179
5.89220022329708e-17,3.63396797971796e-05,-1.5045223933477e-15,-0.304314941081567,-0.00823565960832106,-0.144158895920335
5.90990942091181e-17,3.6339679797807e-05,-1.44901123577148e-15,-0.304333962663098,-0.00823565941483347,-0.144153000032979
5.43542201326017e-17,3.63396797968311e-05,-1.39350025705655e-15,-0.30435147725578,-0.00823565941155587,-0.144146719683533
6.32063317588475e-17,3.63396797972181e-05,-1.36574435972863e-15,-0.304367611033685,-0.00823565934314364,-0.144140094647057
2.83594837329117e-17,3.63396797976785e-05,-1.36574562600846e-15,-0.304382478412357,-0.00823565906566215,-0.144133163160063
5.80907360701333e-17,3.63396797977447e-05,-1.39350012130293e-15,-0.30439618301042,-0.00823565850791968,-0.14412596242932
5.97808850791878e-17,3.63396797972194e-05,-1.36574448440139e-15,-0.304408818600498,-0.00823565764539144,-0.144118529026578
6.91131640476967e-17,3.63396797976012e-05,-1.39349972093526e-15,-0.304420470022223,-0.008235656482711,-0.144110899188317
7.82665410218426e-17,3.63396797974654e-05,-1.39349938845223e-15,-0.304431214041443,-0.00823565504199066,-0.144103109035571
7.92965366440126e-17,3.6339679797834e-05,-1.33798819993908e-15,-0.304441120147499,-0.00823565335509691,-0.144095194725543
5.8776541708832e-17,3.63396797976964e-05,-1.28247779461161e-15,-0.304450251285724,-0.00823565145860813,-0.144087192544032
7.24702895838197e-17,3.63396797977803e-05,-1.19921057020637e-15,-0.304458664525687,-0.00823564939058347,-0.144079138945557
4.53875373978358e-17,3.63396797978589e-05,-1.33798943263186e-15,-0.304466411667888,-0.00823564718854731,-0.144071070546286
6.93636502534748e-17,3.63396797982509e-05,-1.39349971267741e-15,-0.304473539792863,-0.00823564488828656,-0.144063024073614
7.02006268261373e-17,3.63396797988232e-05,-1.33798853155548e-15,-0.304480091757289,-0.0082356425231813,-0.144055036275133
4.72938071599045e-17,3.63396797989074e-05,-1.33798936449913e-15,-0.304486106641966,-0.00823564012388235,-0.144047143789023
8.18893634716866e-17,3.63396797998901e-05,-1.44901040974686e-15,-0.30449162015651,-0.00823563771820901,-0.144039382977319
1.16490801443269e-16,3.63396797998123e-05,-1.61554260651479e-15,-0.304496665005432,-0.0082356353311778,-0.144031789723196
8.43957310296675e-17,3.63396797996329e-05,-1.42125474382629e-15,-0.304501271219985,-0.00823563298510803,-0.144024399193275
8.25427042584666e-17,3.63396798004352e-05,-1.42125481130826e-15,-0.304505466459866,-0.00823563069976157,-0.144017245565957
6.04598493817544e-17,3.63396797990744e-05,-1.47676676556327e-15,-0.304509276288459,-0.00823562849249678,-0.144010361727001
5.40536017366075e-17,3.63396797980561e-05,-1.56003372543566e-15,-0.304512724424989,-0.00823562637841512,-0.144003778933925
7.19355678829845e-17,3.63396797977376e-05,-1.50452192411453e-15,-0.304515832976595,-0.00823562437049582,-0.1439975264513
5.97671387684538e-17,3.6339679798564e-05,-1.56003351739841e-15,-0.304518622652978,-0.00823562247970817,-0.143991631159698
5.64286172543927e-17,3.63396797986527e-05,-1.56003363858133e-15,-0.30452111296601,-0.00823562071510291,-0.143986117141838
8.80808280059637e-17,3.63396797986229e-05,-1.33798788354344e-15,-0.30452332241634,-0.00823561908387925,-0.143981005250433
6.91743538841029e-17,3.63396797991208e-05,-1.4767664486514e-15,-0.304525268668798,-0.00823561759143025,-0.143976312663285
3.96539903754922e-17,3.63396797991291e-05,-1.3379896433396e-15,-0.304526968718142,-0.00823561624136681,-0.143972052432303
1.24601272835564e-16,3.6339679799021e-05,-1.25471982966186e-15,-0.304528439046473,-0.0082356150355243,-0.143968233034323
1.07257271971207e-16,3.63396797989365e-05,-1.42125391366968e-15,-0.304529695773418,-0.00823561397395364,-0.143964857932792
7.13042744296095e-17,3.63396797991298e-05,-1.33798849347818e-15,-0.30453075480007,-0.00823561305490141,-0.143961925160509
5.32380078046448e-17,3.63396797994963e-05,-1.50452260368975e-15,-0.304531631947489,-0.00823561227478299,-0.143959426934662
5.86184015252181e-17,3.63396798006331e-05,-1.56003355950085e-15,-0.304532343090521,-0.0082356116281526,-0.143957349316214
4.5140674653866e-17,3.63396797993115e-05,-1.39350059592191e-15,-0.304532904287615,-0.00823561110767454,-0.143955671926273
5.68510726565679e-17,3.63396798000033e-05,-1.39350017044353e-15,-0.30453333190735,-0.00823561070410028,-0.143954367732309
8.17002724603414e-17,3.63396798005501e-05,-1.42125484299511e-15,-0.304533642752455,-0.00823561040625772,-0.143953402916882
9.75907782392674e-17,3.63396797996984e-05,-1.22696523624106e-15,-0.304533854182229,-0.00823561020105279,-0.143952736840879
9.36469163303613e-17,3.63396798000148e-05,-1.226965379604e-15,-0.304533984234511,-0.00823561007349145,-0.14395232211208
8.57816917893034e-17,3.63396797990448e-05,-1.1159433630336e-15,-0.304534051748624,-0.00823561000672315,-0.14395210476811
6.16608063591983e-17,3.63396797991704e-05,-1.14369981521239e-15,-0.304534076491154,-0.00823560998210923,-0.143952024580596
7.07416045696163e-17,3.63396797993773e-05,-1.11594390957318e-15,-0.304534079286875,-0.00823560997931819,-0.143952015484593
7.07416045696163e-17,3.63396797993773e-05,-1.11594390957318e-15,-0.304534079286875,-0.00823560997931819,-0.143952015484593
7.07416045696163e-17,3.63396797993773e-05,-1.11594390957318e-15,-0.304534079286875,-0.00823560997931819,-0.143952015484593
7.07416045696163e-17,3.63396797993773e-05,-1.11594390957318e-15,-0.304534079286875,-0.00823560997931819,-0.143952015484593
7.07416045696163e-17,3.63396797993773e-05,-1.11594390957318e-15,-0.304534079286875,-0.00823560997931819,-0.143952015484593
7.07416045696163e-17,3.63396797993773e-05,-1.11594390957318e-15,-0.304534079286875,-0.00823560997931819,-0.143952015484593
7.07416045696163e-17,3.63396797993773e-05,-1.11594390957318e-15,-0.304534079286875,-0.00823560997931819,-0.143952015484593
7.07416045696163e-17,3.63396797993773e-05,-1.11594390957318e-15,-0.304534079286875,-0.00823560997931819,-0.143952015484593
7.07416045696163e-17,3.63396797993773e-05,-1.11594390957318e-15,-0.304534079286875,-0.00823560997931819,-0.143952015484593
7.07416045696163e-17,3.63396797993773e-05,-1.11594390957318e-15,-0.304534079286875,-0.00823560997931819,-0.143952015484593
7.07416045696163e-17,3.63396797993773e-05,-1.11594390957318e-15,-0.304534079286875,-0.00823560997931819,-0.143952015484593
7.07416045696163e-17,3.63396797993773e-05,-1.11594390957318e-15,-0.304534079286875,-0.00823560997931819,-0.143952015484593
7.07416045696163e-17,3.63396797993773e-05,-1.11594390957318e-15,-0.304534079286875,-0.00823560997931819,-0.143952015484593
7.07416045696163e-17,3.63396797993773e-05,-1.11594390957318e-15,-0.304534079286875,-0.00823560997931819,-0.143952015484593
7.07416045696163e-17,3.63396797993773e-05,-1.11594390957318e-15,-0.304534079286875,-0.00823560997931819,-0.143952015484593
7.07416045696163e-17,3.63396797993773e-05,-1.11594390957318e-15,-0.304534079286875,-0.00823560997931819,-0.143952015484593
7.07416045696163e-17,3.63396797993773e-05,-1.11594390957318e-15,-0.304534079286875,-0.00823560997931819,-0.143952015484593
7.07416045696163e-17,3.63396797993773e-05,-1.11594390957318e-15,-0.304534079286875,-0.00823560997931819,-0.143952015484593
7.07416045696163e-17,3.63396797993773e-05,-1.11594390957318e-15,-0.304534079286875,-0.00823560997931819,-0.143952015484593
7.07416045696163e-17,3.63396797993773e-05,-1.11594390957318e-15,-0.304534079286875,-0.00823560997931819,-0.143952015484593
7.07416045696163e-17,3.63396797993773e-05,-1.11594390957318e-15,-0.304534079286875,-0.00823560997931819,-0.143952015484593
7.07416045696163e-17,3.63396797993773e-05,-1.11594390957318e-15,-0.304534079286875,-0.00823560997931819,-0.143952015484593
7.07416045696163e-17,3.63396797993773e-05,-1.11594390957318e-15,-0.304534079286875,-0.00823560997931819,-0.143952015484593
7.07416045696163e-17,3.63396797993773e-05,-1.11594390957318e-15,-0.304534079286875,-0.00823560997931819,-0.143952015484593
7.07416045696163e-17,3.63396797993773e-05,-1.11594390957318e-15,-0.304534079286875,-0.00823560997931819,-0.143952015484593
7.07416045696163e-17,3.63396797993773e-05,-1.11594390957318e-15,-0.304534079286875,-0.00823560997931819,-0.143952015484593
7.07416045696163e-17,3.63396797993773e-05,-1.11594390957318e-15,-0.304534079286875,-0.00823560997931819,-0.143952015484593
7.07416045696163e-17,3.63396797993773e-05,-1.11594390957318e-15,-0.304534079286875,-0.00823560997931819,-0.143952015484593
7.07416045696163e-17,3.63396797993773e-05,-1.11594390957318e-15,-0.304534079286875,-0.00823560997931819,-0.143952015484593
7.07416045696163e-17,3.63396797993773e-05,-1.11594390957318e-15,-0.304534079286875,-0.00823560997931819,-0.143952015484593
7.07416045696163e-17,3.63396797993773e-05,-1.11594390957318e-15,-0.304534079286875,-0.00823560997931819,-0.143952015484593
7.07416045696163e-17,3.63396797993773e-05,-1.11594390957318e-15,-0.304534079286875,-0.00823560997931819,-0.143952015484593
7.07416045696163e-17,3.63396797993773e-05,-1.11594390957318e-15,-0.304534079286875,-0.00823560997931819,-0.143952015484593
7.07416045696163e-17,3.63396797993773e-05,-1.11594390957318e-15,-0.304534079286875,-0.00823560997931819,-0.143952015484593
7.07416045696163e-17,3.63396797993773e-05,-1.11594390957318e-15,-0.304534079286875,-0.00823560997931819,-0.143952015484593
7.07416045696163e-17,3.63396797993773e-05,-1.11594390957318e-15,-0.304534079286875,-0.00823560997931819,-0.143952015484593
7.07416045696163e-17,3.63396797993773e-05,-1.11594390957318e-15,-0.304534079286875,-0.00823560997931819,-0.143952015484593
7.07416045696163e-17,3.63396797993773e-05,-1.11594390957318e-15,-0.304534079286875,-0.00823560997931819,-0.143952015484593
7.07416045696163e-17,3.63396797993773e-05,-1.11594390957318e-15,-0.304534079286875,-0.00823560997931819,-0.143952015484593
7.07416045696163e-17,3.63396797993773e-05,-1.11594390957318e-15,-0.304534079286875,-0.00823560997931819,-0.143952015484593
7.07416045696163e-17,3.63396797993773e-05,-1.11594390957318e-15,-0.304534079286875,-0.00823560997931819,-0.143952015484593
7.07416045696163e-17,3.63396797993773e-05,-1.11594390957318e-15,-0.304534079286875,-0.00823560997931819,-0.143952015484593
7.07416045696163e-17,3.63396797993773e-05,-1.11594390957318e-15,-0.304534079286875,-0.00823560997931819,-0.143952015484593
7.07416045696163e-17,3.63396797993773e-05,-1.11594390957318e-15,-0.304534079286875,-0.00823560997931819,-0.143952015484593
7.07416045696163e-17,3.63396797993773e-05,-1.11594390957318e-15,-0.304534079286875,-0.00823560997931819,-0.143952015484593
7.07416045696163e-17,3.63396797993773e-05,-1.11594390957318e-15,-0.304534079286875,-0.00823560997931819,-0.143952015484593
7.07416045696163e-17,3.63396797993773e-05,-1.11594390957318e-15,-0.304534079286875,-0.00823560997931819,-0.143952015484593
7.07416045696163e-17,3.63396797993773e-05,-1.11594390957318e-15,-0.304534079286875,-0.00823560997931819,-0.143952015484593
7.07416045696163e-17,3.63396797993773e-05,-1.11594390957318e-15,-0.304534079286875,-0.00823560997931819,-0.143952015484593
7.07416045696163e-17,3.63396797993773e-05,-1.11594390957318e-15,-0.304534079286875,-0.00823560997931819,-0.143952015484593
7.07416045696163e-17,3.63396797993773e-05,-1.11594390957318e-15,-0.304534079286875,-0.00823560997931819,-0.143952015484593
7.07416045696163e-17,3.63396797993773e-05,-1.11594390957318e-15,-0.304534079286875,-0.00823560997931819,-0.143952015484593
7.07416045696163e-17,3.63396797993773e-05,-1.11594390957318e-15,-0.304534079286875,-0.00823560997931819,-0.143952015484593
7.07416045696163e-17,3.63396797993773e-05,-1.11594390957318e-15,-0.304534079286875,-0.00823560997931819,-0.143952015484593
7.07416045696163e-17,3.63396797993773e-05,-1.11594390957318e-15,-0.304534079286875,-0.00823560997931819,-0.143952015484593
7.07416045696163e-17,3.63396797993773e-05,-1.11594390957318e-15,-0.304534079286875,-0.00823560997931819,-0.143952015484593
7.07416045696163e-17,3.63396797993773e-05,-1.11594390957318e-15,-0.304534079286875,-0.00823560997931819,-0.143952015484593
7.07416045696163e-17,3.63396797993773e-05,-1.11594390957318e-15,-0.304534079286875,-0.00823560997931819,-0.143952015484593
7.07416045696163e-17,3.63396797993773e-05,-1.11594390957318e-15,-0.304534079286875,-0.00823560997931819,-0.143952015484593
7.07416045696163e-17,3.63396797993773e-05,-1.11594390957318e-15,-0.304534079286875,-0.00823560997931819,-0.143952015484593
7.07416045696163e-17,3.63396797993773e-05,-1.11594390957318e-15,-0.304534079286875,-0.00823560997931819,-0.143952015484593
7.07416045696163e-17,3.63396797993773e-05,-1.11594390957318e-15,-0.304534079286875,-0.00823560997931819,-0.143952015484593
7.07416045696163e-17,3.63396797993773e-05,-1.11594390957318e-15,-0.304534079286875,-0.00823560997931819,-0.143952015484593
7.07416045696163e-17,3.63396797993773e-05,-1.11594390957318e-15,-0.304534079286875,-0.00823560997931819,-0.143952015484593
7.07416045696163e-17,3.63396797993773e-05,-1.11594390957318e-15,-0.304534079286875,-0.00823560997931819,-0.143952015484593
8.19603714891585e-17,3.63396797994852e-05,-1.08818792624506e-15,-0.304534082081461,-0.00823560997652511,-0.143952006382663
7.47437427199845e-17,3.63396797988052e-05,-1.08818818855154e-15,-0.304534106794004,-0.00823560995185794,-0.143951926039978
6.72681292621854e-17,3.63396797990949e-05,-1.03267730902787e-15,-0.304534174171786,-0.00823560988485143,-0.143951708003753
4.89190878597747e-17,3.63396797981893e-05,-1.06043355147143e-15,-0.304534303854894,-0.00823560975666077,-0.143951291451787
6.60975985306869e-17,3.63396797994783e-05,-1.17145522962329e-15,-0.304534514506557,-0.00823560955017104,-0.143950621670173
7.8112264394143e-17,3.63396797999059e-05,-1.03267691498595e-15,-0.304534823936316,-0.0082356092500794,-0.143949650406996
2.48165145979714e-17,3.63396798001411e-05,-1.08819000291151e-15,-0.304535249218723,-0.00823560884295218,-0.143948336103843
2.46258361453275e-17,3.63396798005589e-05,-1.17145673661905e-15,-0.304535806809741,-0.00823560831725686,-0.143946644010037
8.21182457461633e-17,3.63396797994717e-05,-1.00492119368477e-15,-0.304536512662493,-0.00823560766337389,-0.143944546187068
3.44105883222359e-17,3.63396797995615e-05,-1.11594522994805e-15,-0.304537382343655,-0.00823560687358984,-0.143942021412869
6.55942414033071e-17,3.63396798003204e-05,-9.77166218811578e-16,-0.304538431151478,-0.00823560594207832,-0.143939054997149
6.67590425000226e-17,3.63396797991615e-05,-1.08818847849879e-15,-0.30453967423622,-0.00823560486486934,-0.143935638520075
5.8457363962945e-17,3.63396797987031e-05,-1.14369993150397e-15,-0.304541126723634,-0.00823560363981539,-0.143931769507128
8.73298795789245e-17,3.63396797998335e-05,-1.14369888244914e-15,-0.304542803842088,-0.00823560226655569,-0.143927451053015
6.35111719825858e-17,3.63396797997112e-05,-9.4941071844649e-16,-0.304544721053876,-0.00823560074648456,-0.143922691407219
1.10503019877903e-16,3.63396797997937e-05,-1.19920919118303e-15,-0.304546894191318,-0.00823559908272764,-0.143917503533053
6.3467659089603e-17,3.63396797988529e-05,-1.06043302218404e-15,-0.304549339598346,-0.00823559728012964,-0.1439119046512
4.3903426348637e-17,3.63396797994795e-05,-1.11594488443746e-15,-0.304552074278347,-0.00823559534525686,-0.143905915777597
8.67553544133601e-17,3.63396797989513e-05,-1.00492102471396e-15,-0.304555116049236,-0.00823559328641846,-0.143899561264357
8.21811703441176e-17,3.633967979886e-05,-1.06043234213019e-15,-0.304558483706852,-0.00823559111370685,-0.143892868351143
7.98794213484536e-17,3.6339679798347e-05,-1.06043242539118e-15,-0.304562197197995,-0.0082355888390614,-0.143885866733245
6.54458829826436e-17,3.63396797988686e-05,-1.17145525248088e-15,-0.304566277804608,-0.00823558647635266,-0.143878588151411
1.03987680647509e-16,3.63396797990039e-05,-9.77164822581545e-16,-0.304570748340875,-0.00823558404149002,-0.143871066007466
5.03935381420629e-17,3.63396797991893e-05,-1.17145579956002e-15,-0.304575633365169,-0.00823558155254559,-0.143863335008784
5.50253936394371e-17,3.63396797996915e-05,-1.03267775308334e-15,-0.304580959409136,-0.00823557902989253,-0.143855430843912
5.52587535545694e-17,3.63396798002064e-05,-1.0049221687595e-15,-0.304586755226343,-0.00823557649634485,-0.14384738989098
1.08233624173171e-16,3.63396797998406e-05,-9.21653516680472e-16,-0.304593052063267,-0.00823557397728488,-0.143839248960028
5.68498025892034e-17,3.63396797988708e-05,-1.03267768603889e-15,-0.304599883955609,-0.00823557150075327,-0.143831045070088
4.37197182914482e-17,3.63396797972667e-05,-1.00492258766029e-15,-0.304607288053118,-0.00823556909746343,-0.143822815261607
8.62474516881831e-17,3.6339679798651e-05,-9.49409891321771e-16,-0.304615304976363,-0.00823556680068748,-0.143814596444863
6.72524043911564e-17,3.63396797989956e-05,-1.00492173276655e-15,-0.304623979208931,-0.00823556464593039,-0.14380642528509
7.62322768682087e-17,3.6339679798241e-05,-1.03267698173442e-15,-0.304633359528563,-0.008235562670272,-0.143798338125413
5.37802115177856e-17,3.63396797982648e-05,-1.03267779759095e-15,-0.304643499480516,-0.00823556091120426,-0.143790370949143
5.25389479114073e-17,3.63396797995154e-05,-1.0604334183735e-15,-0.304654457895993,-0.00823555940470264,-0.143782559383706
7.22356863908224e-17,3.63396797980506e-05,-9.77165975568466e-16,-0.304666299457559,-0.00823555818216203,-0.143774938749412
5.82064197709878e-17,3.63396797987658e-05,-1.17145551481943e-15,-0.304679095311947,-0.00823555726564932,-0.143767544157425
8.05763185489246e-17,3.63396797994441e-05,-1.11594355063029e-15,-0.30469292372833,-0.00823555666067983,-0.143760410662834
1.07144889308064e-16,3.63396797978872e-05,-1.06043143389572e-15,-0.304707870796434,-0.00823555634535697,-0.143753573480511
5.4994827432809e-17,3.633967979793e-05,-1.1437000558637e-15,-0.304724031153532,-0.00823555625418866,-0.143747068273712
5.91401755494553e-17,3.63396797983865e-05,-1.14369990522082e-15,-0.304741508721513,-0.00823555625410829,-0.143740931528065
3.66204162120207e-17,3.63396797975387e-05,-1.08818957228567e-15,-0.304760417423984,-0.00823555610910028,-0.143735201026733
4.66893095584829e-17,3.63396797983169e-05,-1.17145593311279e-15,-0.304780881837605,-0.00823555542815915,-0.143729916446161
6.78463344428785e-17,3.63396797979409e-05,-1.0881884376109e-15,-0.304803037709763,-0.0082355535888883,-0.143725120095712
4.97086431562955e-17,3.63396797985587e-05,-1.17145582355123e-15,-0.304827032244483,-0.00823554962550676,-0.143720857828386
6.26805245123455e-17,3.63396797977697e-05,-1.17145535268015e-15,-0.304853024017419,-0.00823554206490967,-0.143717180152912
7.75966979081707e-17,3.6339679797117e-05,-1.14369923505885e-15,-0.304881182326124,-0.00823552868705631,-0.143714143578521
6.58145898156917e-17,3.6339679799257e-05,-1.08818851017194e-15,-0.304911685710118,-0.00823550617547388,-0.143711812220151
3.65938801407644e-17,3.63396797991011e-05,-8.38389391962121e-16,-0.304944719283527,-0.00823546960898471,-0.143710259679435
7.96973257475146e-17,3.63396798000737e-05,-1.03267685480708e-15,-0.304980470408434,-0.00823541172569428,-0.143709571188519
5.52984435340048e-17,3.63396797986521e-05,-8.3838871419219e-16,-0.305019122098482,-0.00823532186381439,-0.143709845947748
3.51307150257859e-17,3.63396798000251e-05,-9.21656172559179e-16,-0.305060843380941,-0.00823518445088492,-0.143711199486012
8.45939807784131e-17,3.63396798001198e-05,-9.2165437711812e-16,-0.305105775665952,-0.00823497687566042,-0.143713765695417
6.74167882516413e-17,3.63396797998909e-05,-1.06043288219024e-15,-0.305154013981846,-0.00823466654265935,-0.143717697897245
4.98208025291329e-17,3.63396798006191e-05,-7.82877764550432e-16,-0.305205581744546,-0.00823420689568871,-0.14372316782401
6.31586636998124e-17,3.63396798003616e-05,-8.93899585456783e-16,-0.305260397543872,-0.0082335322394597,-0.143730360674739
3.44482149954058e-17,3.63396798003887e-05,-8.66145056461912e-16,-0.30531823225462,-0.00823255135509905,-0.143739463332
6.66766276252274e-17,3.63396798003403e-05,-6.9961043540152e-16,-0.305378654638934,-0.00823114031317326,-0.143750641367342
4.81789320341367e-17,3.63396798002325e-05,-7.27366686848505e-16,-0.305440963634186,-0.00822913572518615,-0.143763998709161
6.81276098167729e-17,3.63396798003569e-05,-6.99610385444645e-16,-0.305504106234041,-0.00822633120899446,-0.143779512374729
7.83783377602513e-17,3.63396797999924e-05,-7.82876738350987e-16,-0.305566582786103,-0.00822248235367098,-0.143796935240365
7.9615536403841e-17,3.63396798001971e-05,-8.38387840746827e-16,-0.30562635025721,-0.00821732891020864,-0.143815666763535
6.21401803851064e-17,3.6339679800186e-05,-8.38388482686399e-16,-0.305680755291439,-0.00821064590802963,-0.143834613272248
2.75370646015585e-17,3.63396798006908e-05,-9.77167618616298e-16,-0.305726570295537,-0.00820233297100349,-0.143852106131873
4.62611815340053e-17,3.63396797992643e-05,-8.38389069782533e-16,-0.305760260859673,-0.00819253292890113,-0.143866012157818
6.36478578394897e-17,3.63396798006411e-05,-8.38388417798752e-16,-0.305778623550955,-0.00818172804767178,-0.143874190287898
1.00762520301045e-16,3.63396797999381e-05,-9.77164968718194e-16,-0.305779768561226,-0.00817071697828418,-0.143875278144292
5.05842659627332e-17,3.63396797993231e-05,-8.66144503824188e-16,-0.305764028131437,-0.00816040659656847,-0.143869400094773
6.22045186542457e-17,3.63396797994343e-05,-8.93899661767661e-16,-0.305734107387455,-0.00815150607017099,-0.143858193580001
6.90239639689046e-17,3.63396797999108e-05,-6.71854806795077e-16,-0.305694222180742,-0.00814433281352521,-0.143844051226192
5.55235331188126e-17,3.63396797997671e-05,-5.88588578718483e-16,-0.305648797764918,-0.00813883861092388,-0.143829187373964
5.14204370540916e-17,3.63396797998191e-05,-8.38388904592349e-16,-0.305601513821946,-0.00813476696637382,-0.143815126685872
7.26996295633005e-17,3.6339679800002e-05,-7.2736583067545e-16,-0.305554968847507,-0.00813180392991727,-0.143802673217074
7.92671819143602e-17,3.63396798007317e-05,-6.16343288762215e-16,-0.305510771823983,-0.00812966370125068,-0.143792108410106
7.18402287122491e-17,3.63396798003182e-05,-6.16343560316996e-16,-0.305469790587137,-0.00812811835344817,-0.143783408580078
7.64697955983456e-17,3.63396798008362e-05,-7.27365689841873e-16,-0.305432397698984,-0.00812699802268021,-0.143776402371645
7.27538635223624e-17,3.63396798011085e-05,-5.60832371269039e-16,-0.3053986593993,-0.00812618046449192,-0.14377086453994
7.99031397130524e-17,3.63396797995518e-05,-6.16343267621519e-16,-0.305368464830548,-0.00812557914995109,-0.143766564893143
7.08651328057739e-17,3.63396798006278e-05,-6.16343593215935e-16,-0.305341608859005,-0.00812513318625159,-0.143763290646679
4.48100995316973e-17,3.63396798002397e-05,-5.33077815098984e-16,-0.305317842921694,-0.00812479969588736,-0.143760854557685
4.94456733631817e-17,3.63396798011306e-05,-5.60833220604351e-16,-0.305296905121688,-0.0081245483522767,-0.143759096085697
7.04290509663844e-17,3.63396798014058e-05,-7.55121488715765e-16,-0.305278537302978,-0.00812435756105004,-0.143757879489361
6.58371823942887e-17,3.63396798013163e-05,-7.55121657803285e-16,-0.305262494135832,-0.00812421182147657,-0.143757090842742
7.85798569994584e-17,3.6339679800596e-05,-7.82876770914474e-16,-0.30524854739054,-0.00812409990908517,-0.143756634913399
8.10333031965425e-17,3.63396798009829e-05,-6.718543790059e-16,-0.3052364873732,-0.00812401362179629,-0.143756432306344
5.9393208928299e-17,3.6339679801962e-05,-7.27366316230432e-16,-0.305226122735251,-0.00812394691081855,-0.143756417011763
5.32597714735374e-17,3.63396798010203e-05,-8.10633266316873e-16,-0.305217279392933,-0.00812389527434832,-0.143756534369708
4.7976261663233e-17,3.63396798014643e-05,-6.16344427304323e-16,-0.305209798998196,-0.00812385533139834,-0.143756739411982
4.42763319685541e-17,3.63396798017011e-05,-4.77566683106221e-16,-0.305203537220665,-0.0081238245197613,-0.143756995523468
7.03974883643701e-17,3.63396798014518e-05,-5.3307688527728e-16,-0.305198361988333,-0.00812380088008471,-0.143757273363342
6.20059763712388e-17,3.63396798022758e-05,-8.10632946271151e-16,-0.305194151766014,-0.00812378290010087,-0.14375754999161
6.05507105197944e-17,3.63396798024693e-05,-8.1063299969276e-16,-0.30519079390859,-0.00812376940118365,-0.143757808153606
6.82231130345103e-17,3.63396798015169e-05,-7.55121570287312e-16,-0.305188183100591,-0.00812375945488724,-0.143758035682354
5.18103113590904e-17,3.63396798013726e-05,-8.38388893569731e-16,-0.305186219878071,-0.00812375232084414,-0.143758224985268
9.05061711250066e-17,3.63396798017314e-05,-8.10631911734994e-16,-0.305184809219241,-0.0081237473999399,-0.143758372587091
7.01565389345005e-17,3.63396798006375e-05,-8.66143802526797e-16,-0.30518385918422,-0.0081237441984108,-0.1437584787054
5.77289384960152e-17,3.63396798009304e-05,-8.38388678333679e-16,-0.305183279580063,-0.00812374229970548,-0.143758546838409
5.5409481228596e-17,3.63396798007057e-05,-8.10633187034828e-16,-0.305182980623727,-0.00812374134175204,-0.14375858334727
6.70712369186848e-17,3.63396798000511e-05,-9.21655065749545e-16,-0.30518287157223,-0.00812374099781036,-0.143758597016812
0,0,0,0,0,0
